"","x","y","zmax","zmean","zsd","zskew","zkurt","zentropy","pzabovezmean","pzabove2","zq5","zq10","zq15","zq20","zq25","zq30","zq35","zq40","zq45","zq50","zq55","zq60","zq65","zq70","zq75","zq80","zq85","zq90","zq95","zpcum1","zpcum2","zpcum3","zpcum4","zpcum5","zpcum6","zpcum7","zpcum8","zpcum9"
"28",11485876.3518,3909990.2826,20.98,20.5959412404788,0.132328570513169,-0.309100892950102,3.45256096126166,0,52.9923830250272,100,20.38,20.43,20.46,20.49,20.52,20.54,20.56,20.57,20.59,20.6,20.62,20.63,20.65,20.66,20.68,20.7,20.72,20.75,20.8,0,0,0,0,0,0,0,0,0
"29",11485909.1602,3909990.2826,20.78,20.5491954022988,0.103947866973704,-1.05918385706798,6.37455390456988,0,58.6206896551724,100,20.358,20.436,20.49,20.51,20.52,20.53,20.53,20.54,20.55,20.56,20.56,20.57,20.57,20.59,20.6,20.618,20.63,20.654,20.68,0,0,0,0,0,0,0,0,0
"33",11486040.3938,3909990.2826,19.95,19.337331002331,0.113291622931848,0.196275986832424,4.14891724260822,0,51.8648018648019,100,19.16,19.2,19.22,19.24,19.26,19.28,19.3,19.31,19.33,19.34,19.35,19.37,19.39,19.4,19.41,19.43,19.45,19.48,19.51,0,0,0,0,0,0,0,0,0
"183",11485909.1602,3909957.4742,20.95,20.6281933256617,0.113809523957445,-0.26723101384295,3.45365758303952,0,52.0138089758343,100,20.43,20.49,20.52,20.54,20.56,20.57,20.59,20.6,20.62,20.63,20.65,20.66,20.67,20.69,20.71,20.72,20.74,20.77,20.806,0,0,0,0,0,0,0,0,0
"187",11486040.3938,3909957.4742,19.9,19.4453169734151,0.164264230545553,0.203374640563983,2.45557250829814,0,47.239263803681,100,19.2,19.24,19.27,19.3,19.32,19.344,19.36,19.39,19.41,19.43,19.46,19.47,19.5,19.54,19.57,19.6,19.63,19.662,19.72,0,0,0,0,0,0,0,0,0
"188",11486073.2022,3909957.4742,25.85,19.5552271139064,0.444626582688837,9.08772560176966,106.735269878659,0.0427197962247244,34.6610761705101,100,19.3,19.34,19.36,19.39,19.41,19.43,19.45,19.46,19.48,19.5,19.52,19.54,19.55,19.57,19.6,19.63,19.655,19.69,19.775,0,0,0,0,0,0,0,98.4615384615385,99.7202797202797
"337",11485909.1602,3909924.6658,28.36,20.5816965620329,1.97804082653687,-3.30995893441066,21.9569566759421,0.165748138006806,91.6292974588939,100,20.4985,20.62,20.6655,20.7,20.72,20.73,20.75,20.77,20.78,20.79,20.81,20.83,20.85,20.87,20.89,20.92,20.95,21,21.08,0,0,0,3.06656694091249,3.21615557217651,3.29094988780853,3.51533283470456,98.5789080029918,98.6537023186238
"338",11485941.9686,3909924.6658,28.13,21.4885748218527,2.32579906642095,2.39433277526789,6.78346968203636,0.152398677529248,11.6389548693587,100,20.44,20.49,20.52,20.55,20.57,20.59,20.62,20.64,20.65,20.67,20.68,20.7,20.72,20.75,20.78,20.82,20.9,27.65,28.01,0,0,0,0,0,0,0,88.5714285714286,88.8095238095238
"342",11486073.2022,3909924.6658,23.26,19.7512753036437,0.727390439994888,4.08247495483523,18.2158906108318,0.0781728166857956,10.9311740890688,100,19.42,19.45,19.48,19.5,19.52,19.54,19.55,19.57,19.58,19.59,19.61,19.62,19.63,19.65,19.67,19.69,19.72,19.77,20.0695,0,0,0,0,0,0,0,0,95.2380952380952
"343",11486106.0106,3909924.6658,24.66,19.4914577656676,1.51459688887,-0.86128480287049,27.3924192381084,0.160789599275002,23.3651226158038,99.9318801089918,19.0335,19.16,19.21,19.24,19.27,19.29,19.32,19.34,19.36,19.38,19.39,19.41,19.43,19.45,19.48,19.52,19.56,19.633,23.8195,0.0681663258350375,0.0681663258350375,0.0681663258350375,0.0681663258350375,0.0681663258350375,2.45398773006135,2.59032038173142,92.3653715064758,94.546693933197
"492",11485941.9686,3909891.8574,21.99,20.7748175787728,0.171388059997823,0.975229609692679,7.72446539101012,0.0872202633786003,47.2636815920398,100,20.52,20.58,20.62,20.64,20.67,20.69,20.71,20.73,20.74,20.76,20.78,20.8,20.8225,20.85,20.87,20.9,20.93,20.97,21.04,0,0,0,0,0,0,0,0,0
"493",11485974.777,3909891.8574,20.79,20.5143,0.164502648039845,-0.456670112848845,2.52489980934448,0,51,100,20.209,20.299,20.33,20.38,20.4175,20.43,20.4665,20.476,20.49,20.53,20.5545,20.59,20.6035,20.62,20.64,20.664,20.6915,20.721,20.7405,0,0,0,0,0,0,0,0,0
"496",11486073.2022,3909891.8574,19.81,19.4116352201258,0.194530492655173,-0.282391416354281,2.42733974603198,0.0312444353162352,50,100,19.11,19.16,19.19,19.234,19.27,19.3,19.32,19.35,19.3865,19.415,19.4535,19.5,19.52,19.55,19.5775,19.6,19.62,19.65,19.7,0,0,0,0,0,0,0,0,0
"497",11486106.0106,3909891.8574,24.36,19.4273213046495,0.779484454016077,4.83322062206271,28.7268279752806,0.195328100813073,45.0381679389313,100,18.81,18.88,18.94,19.01,19.1,19.21,19.28,19.34,19.37,19.4,19.43,19.45,19.48,19.5,19.53,19.56,19.58,19.63,19.68,0,0,0,0,0,0,0,66.6666666666667,97.3611111111111
"647",11485974.777,3909859.049,25.66,20.7044172297297,1.10950393593033,3.82258494429852,16.0085891714117,0.0858270962394907,7.77027027027027,100,20.19,20.25,20.3,20.33,20.36,20.38,20.4,20.42,20.44,20.45,20.47,20.49,20.51,20.53,20.55,20.58,20.62,20.67,24.9285,0,0,0,0,0,0,0,68.1318681318681,94.6745562130178
"648",11486007.5854,3909859.049,20.54,20.2677358490566,0.130539415823566,-0.727240390788879,4.13151306504208,0.0307437258750526,56.6037735849057,100,20.04,20.075,20.14,20.18,20.1925,20.21,20.23,20.24,20.2725,20.29,20.31,20.32,20.33,20.34,20.35,20.36,20.38,20.415,20.4675,0,0,0,0,0,0,0,0,0
"649",11486040.3938,3909859.049,20.77,19.9343209876543,0.180194739758534,-0.77572086889081,6.57106966720068,0.216504400051615,56.2962962962963,100,19.53,19.754,19.82,19.85,19.87,19.89,19.91,19.92,19.94,19.96,19.98,19.99,20,20.01,20.03,20.05,20.08,20.11,20.15,0,0,0,0,0,0,0,0,0
"650",11486073.2022,3909859.049,21.78,18.9784257975035,1.88834541004021,-2.09718081309034,5.78657595974247,0.282054517975854,86.6851595006935,100,13.98,14.192,19.25,19.37,19.42,19.46,19.5,19.53,19.56,19.58,19.62,19.65,19.68,19.717,19.76,19.82,19.88,19.969,20.189,0,0,0,0,0,0,12.2831367106176,12.9770992366412,53.5045107564192
"802",11486007.5854,3909826.2406,21.67,20.1944945697577,0.751162877304063,-3.04857533692907,18.5142213374865,0.184220024660465,80.4511278195489,100,18.47,18.69,20.14,20.2,20.24,20.28,20.3,20.33,20.36,20.38,20.41,20.43,20.45,20.48,20.5,20.538,20.57,20.624,20.75,0,0,0,0,0,0,0.334448160535117,0.418060200668896,11.7056856187291
"803",11486040.3938,3909826.2406,22.84,16.208974522293,3.05297331265587,0.627423000054389,1.44734613867971,0.418857197553025,35.7324840764331,100,13.76,13.8,13.83,13.86,13.88,13.9,13.93,13.96,13.99,14.02,14.08,14.3,18.452,20.08,20.18,20.25,20.3365,20.43,20.672,0,0,0,0,0,1.59337157425112,64.244741873805,64.9458253664755,93.7539834289356
"956",11486007.5854,3909793.4322,23.09,18.9190120824449,1.42906775777994,-5.17544078911609,80.7458088421602,0.245142846361406,22.4591329068941,99.7157071783937,18.23,18.28,18.339,18.382,18.44,18.48,18.52,18.56,18.61,18.65,18.68,18.72,18.77,18.83,18.89,18.95,19.1,20.704,21.594,0.284495021337127,0.284495021337127,0.284495021337127,0.284495021337127,0.284495021337127,0.284495021337127,0.355618776671408,28.4495021337127,91.1095305832148
"1694",11490010.2102,3909662.1986,84.5,21.1268992248062,21.3889831200105,1.92671944056965,4.90959113402977,0.512872629924339,16.2790697674419,100,9.8985,10.301,10.6455,10.876,11.0575,11.341,11.569,11.776,11.97,12.16,12.417,12.598,12.9,13.24,13.6025,14.11,53.6625,69.594,72.5805,0,84.0466926070039,84.0466926070039,84.0466926070039,84.0466926070039,84.0466926070039,88.3268482490272,88.3268482490272,96.8871595330739
"2341",11485974.777,3909498.1566,24.64,20.0882400497512,2.03893039655704,-2.18099051736703,19.5998520448881,0.398732623124156,67.0398009950249,99.8756218905473,15.37,19.76,19.9205,19.98,20.03,20.06,20.1,20.13,20.15,20.17,20.2,20.22,20.26,20.29,20.33,20.38,20.5,21.659,24.1765,0.186683260734287,0.186683260734287,0.186683260734287,0.186683260734287,0.186683260734287,2.61356565028002,8.46297448662103,9.45861854387057,91.7237087741133
"2342",11486007.5854,3909498.1566,24.76,18.3753173136168,2.11793410898502,0.843500736115703,4.11207265312734,0.590663601634083,51.3863216266174,100,15.43,15.61,15.943,16.4,16.865,17.06,17.297,17.748,18.079,18.43,18.691,19.07,19.27,19.44,19.61,19.76,19.94,20.108,23.747,0,0,0,0,0,0,35.2651048088779,80.9494451294698,94.1430332922318
"2343",11486040.3938,3909498.1566,24.6,19.4075898389095,0.944037156474423,3.26831967484468,17.8059555178286,0.291098067550069,27.633209417596,100,18.79,18.87,18.93,18.98,19.03,19.07,19.1,19.14,19.18,19.22,19.26,19.3,19.33,19.38,19.43,19.5,19.6,19.777,21.11,0,0,0,0,0,0,0.619962802231866,87.9107253564786,97.2721636701798
"2480",11485482.651,3909465.3482,24.84,19.2123981481482,1.41040667098833,3.35127839396672,12.8260663268425,0.268579310089844,10.462962962963,100,18.4,18.53,18.58,18.65,18.7,18.74,18.77,18.81,18.84,18.88,18.92,18.95,18.99,19.03,19.06,19.102,19.15,19.231,24.4005,0,0,0,0,0,0,0,93.1417979610751,93.6978683966636
"2481",11485515.4594,3909465.3482,24.82,18.7732862190813,1.39649307364684,3.14786520363974,12.1963633174379,0.249255797312192,13.7809187279152,100,17.88,17.97,18.05,18.13,18.19,18.24,18.29,18.35,18.39,18.44,18.48,18.53,18.56,18.6,18.64,18.69,18.76,18.938,22.2645,0,0,0,0,0,0,0,91.7771883289125,95.579133510168
"2494",11485941.9686,3909465.3482,25.44,20.006699751861,1.56647469854426,2.66851207784613,8.37643102611144,0.154615427608319,10.9801488833747,100,19.17,19.24,19.29,19.332,19.37,19.4,19.43,19.46,19.49,19.52,19.55,19.576,19.61,19.66,19.7,19.768,19.86,20.089,24.849,0,0,0,0,0,0,0,90.2545003103662,90.5648665425202
"2495",11485974.777,3909465.3482,21.04,20.0392168099331,0.247612225718333,-0.162806718174224,2.77779956017882,0.222691071470048,51.8624641833811,100,19.63,19.71,19.77,19.82,19.86,19.9,19.95,19.98,20.01,20.05,20.08,20.116,20.159,20.19,20.23,20.26,20.3,20.35,20.42,0,0,0,0,0,0,0,0,0
"2496",11486007.5854,3909465.3482,21.28,19.5689208633094,0.915916174348869,-1.31610942708785,3.77369352357968,0.396759199765111,70.7434052757794,100,17.368,17.942,18.518,18.778,19.21,19.6,19.72,19.77,19.83,19.88,19.96,20.016,20.074,20.15,20.19,20.24,20.27,20.34,20.44,0,0,0,0,0,0,0,0,24.0384615384615
"2497",11486040.3938,3909465.3482,19.91,19.4502138157895,0.18141613991591,0.0768403655297859,2.64973261466372,0.0103915779030484,47.3684210526316,100,19.16,19.22,19.26,19.294,19.3275,19.35,19.37,19.4,19.42,19.44,19.47,19.5,19.52,19.55,19.57,19.61,19.64,19.69,19.77,0,0,0,0,0,0,0,0,0
"2498",11486073.2022,3909465.3482,27.85,20.8636197440585,2.44149702910369,0.983351482287496,2.46023853732262,0.475656290008583,35.405240706886,100,18.91,18.97,19.02,19.06,19.11,19.16,19.2,19.24,19.29,19.34,19.39,19.48,21.48,22.15,22.99,23.83,24.47,24.66,25.26,0,0,0,0,0,0,60.4268292682927,71.219512195122,94.2682926829268
"2633",11485449.8426,3909432.5398,23.51,22.4154708520179,0.193626516340256,0.188893003600174,4.76275675313034,0.0292317145327324,52.8251121076233,100,22.08,22.15,22.21,22.25,22.295,22.33,22.36,22.38,22.403,22.43,22.45,22.47,22.5,22.51,22.54,22.57,22.6,22.64,22.69,0,0,0,0,0,0,0,0,0
"2634",11485482.651,3909432.5398,23.64,20.5044982698962,1.93518542835341,0.335775142928811,1.23739209733032,0.409127127461893,42.3875432525952,100,18.4785,18.597,18.72,18.8,18.88,18.921,18.97,19.02,19.08,19.13,19.23,22.33,22.4,22.46,22.52,22.56,22.66,23.153,23.3715,0,0,0,0,0,0,0,29.4627383015598,57.7123050259965
"2635",11485515.4594,3909432.5398,18.94,17.8945079787234,0.268774944222822,1.10134562369257,4.57451148301469,0.199843305791864,39.8936170212766,100,17.55,17.621,17.66,17.7,17.72,17.74,17.7685,17.79,17.8195,17.85,17.87,17.89,17.93,17.97,18.02,18.068,18.14,18.259,18.44,0,0,0,0,0,0,0,0,0
"2647",11485909.1602,3909432.5398,24.59,19.4986095238095,1.68861985381842,2.09539951797804,5.87507896627624,0.346662534894637,17.7142857142857,100,18.42,18.49,18.55,18.61,18.65,18.68,18.71,18.74,18.77,18.81,18.87,18.94,19.03,19.13,19.24,19.38,20.323,23.334,24.11,0,0,0,0,0,0,0,83.5451080050826,89.3900889453621
"2648",11485941.9686,3909432.5398,23.02,19.8118522267206,1.36620163231009,1.27759488197798,2.83707764266503,0.376807625127997,23.8866396761134,100,18.75,18.81,18.87,18.92,18.96,19,19.05,19.09,19.12,19.16,19.21,19.25,19.31,19.39,19.585,21.95,22.2295,22.38,22.54,0,0,0,0,0,0,0,0,77.710233029382
"2649",11485974.777,3909432.5398,19.69,19.3844444444444,0.165430711361095,-0.190659983479343,3.13063473717376,0,50,100,19.163,19.197,19.2385,19.278,19.2925,19.304,19.338,19.356,19.3665,19.39,19.4135,19.428,19.46,19.46,19.475,19.486,19.5035,19.562,19.6645,0,0,0,0,0,0,0,0,0
"2652",11486073.2022,3909432.5398,23.51,20.7549162679426,1.49561198262162,0.455302548843246,1.4991041073591,0.420776199690248,40.9090909090909,100,19.17,19.24,19.3,19.36,19.41,19.5,19.59,19.76,19.87,20.01,20.1825,20.87,21.65,22.305,22.4625,22.56,22.7,22.905,23.1425,0,0,0,0,0,0,0,0.119760479041916,62.2754491017964
"2653",11486106.0106,3909432.5398,27.74,20.816876202694,1.82558322175552,-0.204027450543126,16.7830832858029,0.44808652766251,38.1654906991661,100,19.349,19.49,19.567,19.62,19.68,19.73,19.77,19.82,19.87,19.94,20.03,20.316,21.39,21.68,21.94,22.14,22.32,22.68,24.661,0.0642260757867694,0.128452151573539,0.192678227360308,0.192678227360308,0.192678227360308,0.192678227360308,6.80796403339756,81.7597944765575,96.3391136801542
"2786",11485417.0342,3909399.7314,26.49,22.4385196687371,0.666124343156278,4.5457206313836,24.5090407225346,0.121690578535324,31.3664596273292,100,21.98,22.07,22.1275,22.17,22.19,22.22,22.24,22.27,22.3,22.325,22.36,22.38,22.41,22.45,22.48,22.51,22.56,22.63,22.7475,0,0,0,0,0,0,0,0,96.6839378238342
"2787",11485449.8426,3909399.7314,28.33,22.8842720763723,1.90879007556924,2.00782628369269,5.48536791795125,0.383921331459456,18.6157517899761,100,21.739,21.85,21.9,21.926,21.96,21.99,22.02,22.04,22.06,22.08,22.1,22.14,22.18,22.24,22.295,22.536,24.916,27.308,28.012,0,0,0,0,0,0,0,81.1004784688995,89.4736842105263
"2789",11485515.4594,3909399.7314,19.59,17.6493220338983,0.297575631688991,4.80718240347302,31.9363812807,0.0572610452996148,40.6779661016949,100,17.408,17.42,17.44,17.502,17.52,17.54,17.543,17.572,17.59,17.61,17.629,17.648,17.657,17.686,17.725,17.75,17.78,17.832,17.872,0,0,0,0,0,0,0,0,56.8965517241379
"2790",11485548.2678,3909399.7314,19.93,17.4884926884139,0.725338985835007,1.28345564467723,3.66000133608347,0.391259118686072,32.1709786276715,100,16.8,16.86,16.89,16.93,16.97,17.01,17.05,17.1,17.16,17.22,17.28,17.34,17.42,17.53,17.87,18.084,18.34,18.74,19.052,0,0,0,0,0,0,0,0,76.8018018018018
"2802",11485941.9686,3909399.7314,25.63,23.1165301873699,0.609177411519949,0.599982162517777,3.65601786380669,0.278558489974901,49.9653018736988,100,22.25,22.35,22.45,22.52,22.61,22.7,22.81,22.91,22.99,23.11,23.2,23.29,23.38,23.46,23.53,23.62,23.7,23.83,24.1,0,0,0,0,0,0,0,0,47.9861111111111
"2803",11485974.777,3909399.7314,33.67,25.9406289308176,2.95645466883503,1.62534373252052,3.92913440336909,0.397535716245841,21.0691823899371,100,23.83,23.98,24.1455,24.274,24.34,24.42,24.48,24.51,24.56,24.635,24.6935,24.802,24.8905,24.989,25.135,26.888,30.409,32.471,32.7315,0,0,0,0,0,0,0.315457413249211,80.4416403785489,85.1735015772871
"2805",11486040.3938,3909399.7314,25.47,23.8303703703704,0.315376698459838,3.06504001616395,14.1531845251872,0.122748388942007,33.8624338624339,100,23.53,23.59,23.63,23.65,23.6725,23.7,23.7195,23.74,23.76,23.78,23.79,23.81,23.83,23.86,23.8875,23.91,23.96,24,24.2815,0,0,0,0,0,0,0,0,0
"2806",11486073.2022,3909399.7314,25.19,23.4597404282933,0.328136509615151,0.437225560438063,6.03627292002472,0.117531360966334,48.5399091499027,100,22.94,23.12,23.19,23.23,23.27,23.31,23.34,23.38,23.41,23.44,23.48,23.52,23.57,23.61,23.65,23.7,23.76,23.83,23.92,0,0,0,0,0,0,0,0,1.68831168831169
"2938",11485351.4174,3909366.923,36.78,24.4045030782762,3.73234602054954,1.96063347759206,5.33795942092277,0.34707882013802,18.5576077396658,100,22.238,22.336,22.43,22.56,22.63,22.69,22.73,22.77,22.79,22.82,22.86,22.886,22.93,22.98,23.05,23.422,29.04,31.52,33.83,0,0,0,0,0,0.440140845070423,81.8661971830986,85.5633802816901,93.6619718309859
"2939",11485384.2258,3909366.923,25.46,22.487298245614,0.395987429675348,4.01328607039995,26.0393265238795,0.0829256938734914,43.1578947368421,100,22.09,22.18,22.2435,22.28,22.31,22.34,22.38,22.406,22.4205,22.45,22.47,22.5,22.52,22.55,22.57,22.62,22.67,22.73,22.8355,0,0,0,0,0,0,0,0,96.3093145869947
"2940",11485417.0342,3909366.923,22.61,22.2743055555556,0.146102668791012,-0.127415651828643,2.67621917473282,0.02334245388942,48.6111111111111,100,22.0355,22.091,22.113,22.134,22.1875,22.213,22.23,22.24,22.2495,22.27,22.3,22.31,22.3315,22.357,22.3725,22.398,22.427,22.47,22.5,0,0,0,0,0,0,0,0,0
"2943",11485515.4594,3909366.923,29.56,23.4356559139785,1.16747667124503,-0.947676031136968,9.15462557828087,0.216788021663437,74.4086021505376,100,20.358,23.112,23.296,23.37,23.43,23.5,23.53,23.57,23.61,23.65,23.67,23.71,23.76,23.79,23.83,23.862,23.92,24.02,24.696,0,0,0,0,0,0,9.26724137931035,50,99.5689655172414
"2944",11485548.2678,3909366.923,30.17,21.5779416531605,3.18574992308313,0.866266933346897,2.70056130947309,0.618782924519412,37.1150729335494,100,18.0865,18.503,18.74,18.916,19.08,19.279,19.4555,19.652,19.86,20.1,20.3815,20.872,23.2835000000001,23.951,24.18,24.734,25.35,26.117,26.4435,0,0,0,0,0,5.27169505271695,60.8272506082725,74.2903487429035,95.7826439578264
"2957",11485974.777,3909366.923,34.31,27.924206185567,3.13071086519017,0.910507668387071,2.01426854773367,0.468208934642963,29.3470790378007,100,25.167,25.35,25.491,25.58,25.69,25.79,25.879,26,26.14,26.32,26.5,26.7,26.891,27.678,32.415,32.83,32.98,33.09,33.2,0,0,0,0,0,0,0,69.2572214580468,73.6588720770289
"2958",11486007.5854,3909366.923,30.1,27.3472222222222,0.435206308946676,2.48512023461754,16.0777074154868,0.201119361513514,45,100,26.789,26.919,26.9785,27.02,27.1,27.137,27.1865,27.226,27.2655,27.3,27.3445,27.37,27.41,27.486,27.5725,27.61,27.68,27.8,27.991,0,0,0,0,0,0,0,0,24.5810055865922
"2959",11486040.3938,3909366.923,25.22,23.5404231311707,0.210986628558056,3.09032961620721,21.5244608932344,0.0286806345240182,44.4287729196051,100,23.29,23.35,23.38,23.4,23.42,23.44,23.46,23.48,23.5,23.52,23.54,23.56,23.58,23.6,23.63,23.654,23.69,23.732,23.8,0,0,0,0,0,0,0,0,0
"3085",11485121.7586,3909334.1146,20.34,15.1745563909774,1.07497807075933,3.58858089243845,14.9106108202211,0.297745615180594,17.1428571428571,100,14.56,14.64,14.69,14.738,14.77,14.8,14.83,14.87,14.89,14.92,14.95,14.98,15.02,15.06,15.1,15.14,15.194,15.286,18.074,0,0,0,0,0,0,0,93.8253012048193,95.4819277108434
"3091",11485318.609,3909334.1146,28.2,22.5875046728972,1.36011191881037,-0.520604764328066,18.7086659487064,0.15484086702679,36.7289719626168,100,22.18,22.27,22.32,22.35,22.38,22.41,22.44,22.47,22.5,22.52,22.54,22.57,22.6,22.63,22.67,22.72,22.77,22.86,23.7755,0,0,0,0,0,1.49672591206735,2.24508886810103,57.5304022450889,97.0065481758653
"3092",11485351.4174,3909334.1146,23.09,22.6147169811321,0.215858101891525,-0.731848490626166,3.13694820018959,0.0302979626448938,58.2809224318658,100,22.198,22.3,22.37,22.43,22.49,22.538,22.58,22.61,22.63,22.66,22.68,22.7,22.72,22.75,22.76,22.8,22.82,22.864,22.902,0,0,0,0,0,0,0,0,0
"3096",11485482.651,3909334.1146,24.28,23.8384269662921,0.150707550648211,-0.132268309984545,2.98974100941292,0.119572438215302,53.9325842696629,100,23.597,23.637,23.68,23.704,23.7325,23.76,23.79,23.808,23.83,23.85,23.87,23.89,23.9105,23.93,23.94,23.96,23.98,24.01,24.07,0,0,0,0,0,0,0,0,0
"3097",11485515.4594,3909334.1146,30.4,24.5033622183709,2.19402281828158,1.57048377721196,3.61217193316719,0.255998146713379,21.1438474870017,100,23.17,23.22,23.26,23.29,23.32,23.35,23.38,23.4,23.42,23.45,23.48,23.51,23.56,23.61,23.73,25.082,28.621,29.07,29.28,0,0,0,0,0,0,0,78.3174327840416,81.6131830008673
"3112",11486007.5854,3909334.1146,36.17,30.4397654320988,2.37893902871112,1.02879865712226,3.32951191993536,0.486373813750855,39.2592592592593,100,27.65,27.8,27.9485,28.138,28.4475,28.977,29.6465,29.94,30.12,30.26,30.34,30.42,30.4935,30.58,30.7025,31.766,32.7315,35.44,35.74,0,0,0,0,0,0,0,29.7096973440395,82.828906732551
"3113",11486040.3938,3909334.1146,36.54,31.1428058727569,2.84823295707954,-0.832926705750436,4.9157875038347,0.44685229839639,36.9494290375204,100,23.52,30.065,30.39,30.49,30.58,30.66,30.7675,30.85,30.93,31,31.06,31.11,31.17,31.26,31.4375,32.32,34.9425,35.49,35.76,0,0,0,0,0,0,7.51020408163265,9.55102040816326,81.7142857142857
"3114",11486073.2022,3909334.1146,35.57,28.198656998739,2.96427815987127,-0.543961256694363,1.98560447422462,0.432544332835933,67.780580075662,100,23.64,23.76,23.9,23.99,24.11,24.975,29.36,29.53,29.64,29.73,29.82,29.93,30.07,30.17,30.23,30.3,30.39,30.495,30.68,0,0,0,0,0,0,29.9053627760252,32.3659305993691,98.4227129337539
"3246",11485351.4174,3909301.3062,22.9,22.3730248618785,0.185097916416708,-0.0353280370619162,2.64057745148195,0.0213347321872662,51.5193370165746,100,22.0715,22.123,22.18,22.21,22.23,22.27,22.3,22.32,22.36,22.38,22.41,22.43,22.45,22.48,22.5,22.53,22.57,22.61,22.67,0,0,0,0,0,0,0,0,0
"3247",11485384.2258,3909301.3062,22.41,22.0908108108108,0.120678138920076,0.138632006748576,3.88579138649288,0.154694956888192,43.2432432432432,100,21.948,21.966,21.978,22.002,22.03,22.03,22.04,22.054,22.07,22.08,22.09,22.106,22.114,22.14,22.17,22.18,22.204,22.252,22.28,0,0,0,0,0,0,0,0,0
"3249",11485449.8426,3909301.3062,25.3,24.7790421455939,0.181305739825964,0.174582195116191,2.77030590490433,0.111867473004395,47.8927203065134,100,24.49,24.55,24.59,24.63,24.66,24.68,24.7,24.73,24.75,24.77,24.79,24.81,24.84,24.87,24.9,24.94,24.97,25.01,25.1,0,0,0,0,0,0,0,0,0
"3250",11485482.651,3909301.3062,29.16,24.192682464455,0.519147517384091,4.69145971426423,37.8367604213287,0.230253588662934,42.2748815165877,100,23.7,23.76,23.81,23.85,23.89,23.93,23.97,24.02,24.07,24.11,24.17,24.22,24.28,24.35,24.42,24.472,24.539,24.586,24.66,0,0,0,0,0,0,0,0,98.8614800759013
"3267",11486040.3938,3909301.3062,36.93,32.2574796747967,0.675961903549088,1.44391972285768,11.5372693835022,0.211317879059304,60.5378361475923,100,31.22,31.38,31.49,31.6,31.76,31.93,32.13,32.262,32.36,32.43,32.489,32.53,32.57,32.61,32.64,32.684,32.72,32.78,32.86,0,0,0,0,0,0,0,0,98.6858573216521
"3400",11485351.4174,3909268.4978,23.9,22.5339494163424,1.28828870790175,-16.235187863665,277.030650984026,0.0469051189068755,63.715953307393,99.7081712062257,22.28,22.35,22.39,22.43,22.47,22.49,22.5245,22.56,22.59,22.62,22.64,22.67,22.7,22.72,22.75,22.77,22.81,22.85,22.93,0.292112950340798,0.292112950340798,0.292112950340798,0.292112950340798,0.389483933787731,0.389483933787731,0.389483933787731,0.389483933787731,0.389483933787731
"3401",11485384.2258,3909268.4978,22.68,22.1242657342657,0.219965733712529,-0.183722969970942,2.72175351345552,0.187421701302571,51.0489510489511,100,21.77,21.83,21.89,21.93,21.9775,22.013,22.04,22.07,22.1,22.13,22.1505,22.19,22.22,22.25,22.29,22.33,22.36,22.4,22.4745,0,0,0,0,0,0,0,0,0
"3402",11485417.0342,3909268.4978,25.46,25.0797674418605,0.310424090485603,-8.99703029238007,98.725747248692,0.153298070056806,60,100,24.87,24.93,24.98,25,25.02,25.03,25.05,25.076,25.0905,25.11,25.12,25.14,25.15,25.17,25.19,25.2,25.23,25.261,25.32,0,0,0,0,0,0,0,0,0.699300699300699
"3403",11485449.8426,3909268.4978,25.37,24.8681397637795,0.15885794426686,-0.207110556815253,3.02412697053314,0.158003321347012,52.3622047244094,100,24.6,24.67,24.7,24.73,24.76,24.79,24.81,24.84,24.85,24.87,24.89,24.91,24.94,24.96,24.98,25,25.04,25.07,25.1125,0,0,0,0,0,0,0,0,0
"3555",11485384.2258,3909235.6894,23.22,22.3304506437768,0.34450919450956,-0.231466269308543,2.36463585819685,0.156664734676773,50.4291845493562,100,21.72,21.85,21.96,22.04,22.0975,22.14,22.19,22.24,22.29,22.34,22.41,22.45,22.49,22.55,22.6,22.658,22.7235,22.78,22.8445,0,0,0,0,0,0,0,0,0
"3556",11485417.0342,3909235.6894,25.7,24.6060409924488,1.06210982948774,-2.08245037051215,5.71528099356923,0.341290785482003,85.5447680690399,100,21.823,22.176,24.649,24.77,24.82,24.85,24.88,24.91,24.93,24.96,24.99,25.02,25.06,25.08,25.11,25.14,25.19,25.26,25.347,0,0,0,0,0,0,0,0,13.2829373650108
"3710",11485417.0342,3909202.881,25.82,21.3496105160662,2.90454605100082,-0.220738789274679,1.78578289756676,0.62433521435365,57.7409931840312,100,16.86,16.97,17.15,17.972,18.68,19.848,19.97,20.128,22.13,22.32,22.45,22.6,22.69,22.84,23.08,24.766,25.07,25.224,25.4,0,0,0,0,0,0,21.8323586744639,41.812865497076,77.1929824561404
"3731",11486106.0106,3909202.881,26.94,20.429796308084,3.31159708375089,-0.929272971807382,5.5779639805078,0.765123976687409,53.9783577339274,100,14.71,16.1,17,17.7,18.28,18.79,19.355,19.88,20.335,20.81,21.225,21.69,22.075,22.51,22.905,23.37,23.86,24.25,24.965,0.318471337579618,0.445859872611465,0.445859872611465,0.445859872611465,1.84713375796178,10.3184713375796,30.6369426751592,58.7261146496815,90
"4029",11485777.9266,3909137.2642,19.94,14.6442471042471,1.96232769027022,1.58653989793403,3.68357214151286,0.287730032956722,21.1389961389961,100,13.47,13.52,13.55,13.57,13.6,13.62,13.64,13.65,13.6775,13.7,13.72,13.75,13.78,13.82,13.88,15.35,18.43,18.58,18.97,0,0,0,0,0,0,76.7149758454106,80.6763285024155,82.9951690821256
"4182",11485745.1182,3909104.4558,29.39,21.3496494303243,6.4865214949974,-0.102354265555116,1.75180031941691,0.620995196764682,47.589833479404,100,9.71,13.21,16.41,16.46,16.52,16.56,16.63,16.74,19.69,20.54,21.94,22.21,27.71,28.86,28.93,28.99,29.03,29.09,29.15,0,0,0,9.03508771929825,10.7894736842105,43.421052631579,50.1754385964912,62.5438596491228,64.2105263157895
"4183",11485777.9266,3909104.4558,29.37,24.8720689655172,6.74531021828096,-1.06437721027511,2.17487657482047,0.375597405950877,72.3092998955068,100,13.32,13.39,13.48,13.56,16.06,28.78,28.846,28.89,28.91,28.94,28.96,28.98,29,29.02,29.05,29.07,29.1,29.13,29.17,0,0,0,0,24.7120418848168,25.5497382198953,26.0732984293194,26.8062827225131,28.1675392670157
"4184",11485810.735,3909104.4558,29.1,15.5969716981132,5.30308089931636,1.93750702772315,4.91806355491569,0.218650377476717,18.2075471698113,100,13.0895,13.13,13.15,13.17,13.19,13.21,13.22,13.24,13.2555,13.28,13.29,13.31,13.33,13.36,13.3925,13.47,20.935,28.66,28.78,0,0,0,0,81.8696883852691,82.9084041548631,84.5136921624174,85.1746931067044,87.5354107648725
"4332",11485613.8846,3909071.6474,27.84,23.4220722135008,0.589201550982156,2.15987776733323,13.2959176924504,0.286316326036758,40.894819466248,100,22.7165,22.84,22.91,22.98,23.04,23.09,23.13,23.18,23.24,23.29,23.37,23.45,23.54,23.63,23.75,23.834,23.96,24.09,24.29,0,0,0,0,0,0,0,0,98.4289080911233
"4334",11485679.5014,3909071.6474,27.18,16.3034646374217,5.34344381822979,0.313556917798927,1.4120126888054,0.479762027594748,48.7018800358102,100,11.09,11.146,11.19,11.22,11.25,11.29,11.32,11.37,11.46,14.75,16.64,17.8940000000001,21.74,21.85,21.96,22.068,22.206,22.374,22.676,0,0,0,0.17921146953405,49.5519713261649,51.3440860215054,60.1254480286738,65.2329749103943,96.6845878136201
"4335",11485712.3098,3909071.6474,17.03,15.7231845841785,2.04772326225677,-1.77887967859619,4.27177463948495,0.260736894767193,82.0486815415821,100,10.95,11.135,11.9375,16.32,16.49,16.53,16.56,16.59,16.6025,16.62,16.64,16.66,16.68,16.7,16.73,16.76,16.78,16.81,16.86,0,0,0,0,0,0,14.9390243902439,16.5650406504065,17.6829268292683
"4338",11485810.735,3909071.6474,29.3,28.8294503171247,0.128705866900085,0.0837401887128572,3.11431531447903,0.0958518438664102,50.6342494714588,100,28.62,28.67,28.7,28.73,28.75,28.76,28.78,28.79,28.81,28.83,28.84,28.86,28.88,28.9,28.91,28.94,28.96,28.995,29.04,0,0,0,0,0,0,0,0,0
"4485",11485581.0762,3909038.839,29.55,25.7562700228833,0.847058430716117,-0.0896976399144983,3.70884142203304,0.360268147817907,61.86117467582,100,24.25,24.43,24.545,24.8,25.325,25.53,25.665,25.8,25.89,25.97,26.03,26.1,26.16,26.23,26.29,26.36,26.43,26.51,26.66,0,0,0,0,0,0,0,0,93.4351145038168
"4486",11485613.8846,3909038.839,27.77,25.7548938547486,1.02400569163741,-0.912196934584734,4.00431823700926,0.415384047411669,65.2513966480447,100,24.205,24.42,24.56,24.7,25.43,25.65,25.76,25.85,25.93,26.02,26.09,26.15,26.21,26.28,26.35,26.42,26.49,26.596,27.439,0,0,0,0,0,0,0,0,23.489932885906
"4487",11485646.693,3909038.839,27.78,25.4315453074434,2.45538996440439,-0.910619290102078,2.66020316634065,0.399088172603425,65.8576051779935,100,21.9375,22.06,22.18,22.28,22.4475,22.675,26.3525,26.67,26.81,26.93,27.01,27.09,27.15,27.22,27.28,27.33,27.39,27.46,27.55,0,0,0,0,0,0.161943319838057,1.05263157894737,17.7327935222672,34.0890688259109
"4488",11485679.5014,3909038.839,27.55,21.160750929368,5.25565727941441,-0.164043859239989,2.23965611117516,0.405093610341187,48.0297397769517,99.4795539033457,16.122,16.26,16.35,16.43,16.49,16.55,16.61,16.67,16.74,16.96,22.44,26.364,26.58,26.68,26.76,26.84,26.91,27.01,27.1,0.520833333333333,0.595238095238095,0.595238095238095,0.595238095238095,0.595238095238095,27.6785714285714,51.9345238095238,54.7619047619048,56.1011904761905
"4508",11486335.6694,3909038.839,25.96,21.9352662721893,2.59809366202241,-0.439015781110198,2.0887906024933,0.688619708955487,55.0295857988166,100,17.26,17.92,18.6525,19.372,19.99,20.493,20.997,21.514,21.9395,22.39,22.7505,23.16,23.47,23.814,24.18,24.51,24.81,25.1,25.399,0,0,0,0,0,0.074019245003701,11.8430792005922,32.9385640266469,63.2124352331606
"4621",11484990.525,3909006.0306,11.54,10.9846857142857,0.379788492745986,-0.65872585322215,1.89243418512258,0.262286135065982,64.5714285714286,100,10.3345,10.389,10.42,10.496,10.58,10.727,10.963,11.076,11.1205,11.15,11.1795,11.2,11.22,11.25,11.28,11.31,11.34,11.37,11.4,0,0,0,0,0,0,0,0,10.0286532951289
"4640",11485613.8846,3909006.0306,27.56,25.4957695167286,1.642471014401,-4.13253423407643,22.8164776431603,0.336958977352515,53.0855018587361,100,24.81,24.984,25.07,25.15,25.23,25.29,25.36,25.4,25.48,25.53,25.59,25.66,25.74,25.868,26.19,26.56,26.7,26.84,27.048,0,0,0,0,0,0.372023809523809,2.75297619047619,2.97619047619048,4.98511904761905
"4661",11486302.861,3909006.0306,25.79,21.7038808139535,2.64662475637501,-0.457345358269699,2.15713140037564,0.701301026438114,54.9418604651163,100,16.955,17.74,18.42,19.07,19.69,20.275,20.7925,21.27,21.6975,22.17,22.57,22.91,23.25,23.645,23.97,24.27,24.5875,24.94,25.22,0,0,0,0,0,0.509090909090909,12.7272727272727,33.9636363636364,64.4363636363636
"4933",11485121.7586,3908940.4138,21.66,18.4563714574899,0.622859751509708,3.81205834240882,16.9681580208476,0.0961945833288708,16.1943319838057,100,18.12,18.16,18.19,18.21,18.23,18.25,18.26,18.28,18.3,18.31,18.33,18.34,18.36,18.38,18.4,18.43,18.47,18.54,19.9925,0,0,0,0,0,0,0,0.0506329113924051,94.8860759493671
"4954",11485810.735,3908940.4138,24.47,23.0500597014925,0.55098173988594,-0.178638419475197,2.84540934566841,0.297645715774317,52.5373134328358,100,22.0495,22.299,22.47,22.59,22.7,22.78,22.87,22.95,23.02,23.08,23.13,23.21,23.29,23.35,23.43,23.52,23.6,23.73,23.91,0,0,0,0,0,0,0,0,4.40627333831217
"5856",11485088.9502,3908743.5634,31.38,25.4558906633907,1.31340650108239,0.775252313104539,6.25467086881061,0.407784902218719,63.022113022113,100,23.58,23.64,23.72,23.84,24.25,24.551,25.1245,25.67,25.73,25.79,25.86,25.962,26.15,26.22,26.29,26.34,26.41,26.55,26.87,0,0,0,0,0,0,0,34.8494161032575,98.5248924400738
"6019",11485384.2258,3908710.755,38.93,32.4049625935162,3.2776135797845,-1.37860022735797,14.7549545457299,0.672618627820698,48.9401496259352,99.9376558603491,27.9615,28.573,29.15,29.576,30.105,30.609,31.12,31.56,31.9,32.33,32.71,33.118,33.65,34.121,34.6425,35.218,35.8855,36.745,37.64,0.124766063630692,0.187149095446039,0.187149095446039,0.249532127261385,0.311915159076731,0.436681222707424,1.93387398627573,35.5583281347473,78.4778540237055
"6163",11485056.1418,3908677.9466,27.68,25.9469851632047,0.193617402913207,2.07597606748704,13.800068953442,0.203181315791198,43.9762611275964,100,25.71,25.74,25.76,25.78,25.81,25.84,25.86,25.88,25.9,25.92,25.94,25.97,26,26.02,26.05,26.09,26.13,26.17,26.24,0,0,0,0,0,0,0,0,0
"6172",11485351.4174,3908677.9466,38.6,30.5129099582588,4.24463922748235,0.139346020075756,1.98579244161195,0.741652370262266,48.5390578413834,100,23.62,25.3,26.032,26.472,27.02,27.56,28.16,28.81,29.6,30.22,31.078,31.66,32.284,33.022,33.91,34.818,35.776,36.794,37.712,0,0,0,0,0,1.01431980906921,25.1789976133652,53.6396181384248,79.7136038186158
"6173",11485384.2258,3908677.9466,39.94,34.8528341584158,2.78216500541776,-0.777842757075257,7.25984698037258,0.627845510205108,50,100,30.8675,31.485,31.86,32.26,32.6975,33.105,33.53,33.96,34.43,34.855,35.33,35.69,36.1275,36.61,36.9925,37.46,37.9625,38.48,39.2175,0,0,0,0.0619195046439629,0.309597523219814,0.309597523219814,0.309597523219814,15.9752321981424,62.7863777089783
"8162",11490010.2102,3908284.2458,21.57,18.2077848101266,2.84018852505551,-0.832910417654928,2.30034762569576,0.672449751884669,67.0886075949367,100,12.7985,13.483,14.022,14.518,16.355,17.609,18.5155,18.82,19.1265,19.26,19.457,19.54,19.7115,20.105,20.2775,20.65,20.915,21.168,21.37,0,0,0,0,0,5.73248407643312,22.9299363057325,29.2993630573248,54.140127388535
"9221",11489386.8506,3908054.587,79.23,28.8154434993925,17.079882210008,1.42947816754479,3.90407964660395,0.636633618768806,17.9829890643985,99.2709599027947,11.2525,14.825,21.06,21.72,22.01,22.24,22.48,22.76,22.98,23.22,23.44,23.7,23.9825,24.23,24.6875,25.86,59.09,61.89,65.9275,3.10030395136778,11.9756838905775,61.3981762917933,82.0668693009119,82.0668693009119,82.1276595744681,83.951367781155,92.8267477203647,96.7781155015197
"9856",11490010.2102,3907923.3534,22.64,15.7042168674699,5.09101421591247,-0.651797100573645,3.47538056925619,0.77034036492017,43.9759036144578,98.1927710843374,5.4025,11.68,11.915,12.26,12.5125,12.69,13.3875,13.72,13.8,14.375,14.8225,17.18,19.7375,20.32,20.7025,21.2,21.51,21.75,22.2525,1.81818181818182,5.45454545454545,5.45454545454545,5.45454545454545,7.87878787878788,38.1818181818182,56.3636363636364,63.030303030303,70.9090909090909
"10304",11489550.8926,3907824.9282,27.42,21.1155473856209,4.92026586851626,-1.39500898724983,5.17714654983427,0.78810888052057,59.3954248366013,99.2647058823529,11.28,11.856,17.8645,18.6,19.5,19.989,20.55,21.08,21.5135,22.065,22.5065,23.03,23.63,24.16,24.67,25.238,25.7,26.29,26.767,0.899427636958299,1.22649223221586,1.47179067865904,3.18887980376124,12.755519215045,13.4096484055601,23.3851185609158,49.1414554374489,75.306623058054
"11238",11489878.9766,3907628.0778,33.28,24.6762366863905,5.96112602604705,-1.41989004117618,5.81618643452691,0.818614159665304,64.0236686390533,99.5266272189349,14.644,17.42,18.52,19.062,21.04,22.916,24.39,25.374,26.008,26.46,26.64,26.994,27.39,27.958,28.55,29.234,30.2,31.006,31.884,2.25118483412322,2.25118483412322,2.25118483412322,3.7914691943128,6.63507109004739,22.8672985781991,31.3981042654028,54.6208530805687,83.6492890995261
"11413",11485515.4594,3907562.461,34.96,13.8109447004608,3.44819951436505,0.345878866773668,8.20673825187774,0.643013355535237,54.9155145929339,99.9231950844854,6.522,10.47,10.6215,10.78,12.0325,12.99,13.1335,13.364,13.8045,14.105,14.44,14.93,15.423,15.777,15.88,15.99,16.12,16.946,18.2365,0.230591852421214,5.61106840891622,10.6072252113759,47.5019215987702,91.9292851652575,98.923904688701,98.923904688701,99.4619523443505,99.7694081475788
"12402",11487648.0054,3907365.6106,11.65,11.2264910313901,0.128691580638867,-0.0565842934030016,2.97879555065901,0.0636946524436316,51.0089686098655,100,11.01,11.06,11.09,11.12,11.14,11.16,11.18,11.19,11.21,11.23,11.24,11.26,11.28,11.3,11.32,11.34,11.36,11.38,11.43,0,0,0,0,0,0,0,0,0
"12403",11487680.8138,3907365.6106,11.78,11.3377838577291,0.170906566838098,-0.907695264424257,3.84928114032358,0.0915503878181814,59.0971272229822,100,10.98,11.09,11.18,11.23,11.26,11.28,11.31,11.33,11.35,11.36,11.39,11.4,11.415,11.43,11.45,11.48,11.5,11.53,11.56,0,0,0,0,0,0,0,0,0
"12554",11487582.3886,3907332.8022,18.31,12.2003154205607,2.12309385160729,2.13504670834927,5.68898078498383,0.189336704977496,14.018691588785,100,11.13,11.18,11.23,11.26,11.28,11.305,11.33,11.34,11.37,11.39,11.41,11.43,11.45,11.48,11.51,11.55,11.67,17.56,17.8225,0,0,0,0,0,0.584795321637427,86.0818713450292,86.0818713450292,88.4210526315789
"12555",11487615.197,3907332.8022,18.04,11.4337618147448,1.18572348294567,5.05614323645288,27.0189707912329,0.128353965052958,8.50661625708885,100,10.99,11.04,11.07,11.09,11.12,11.14,11.16,11.18,11.19,11.22,11.24,11.26,11.28,11.3,11.32,11.35,11.378,11.412,11.498,0,0,0,0,0,0,96.780303030303,96.780303030303,96.780303030303
"12556",11487648.0054,3907332.8022,11.55,11.1624233128834,0.145047319417567,-0.166748066010701,3.53048117810515,0.144884106003391,49.6932515337423,100,10.915,10.99,11.03,11.06,11.0725,11.09,11.11,11.13,11.15,11.16,11.18,11.19,11.21,11.23,11.2575,11.28,11.31,11.34,11.3875,0,0,0,0,0,0,0,0,0
"12557",11487680.8138,3907332.8022,18.84,13.0649166666667,2.94371541979089,1.25628744971782,2.64798491983446,0.25125018456105,24.375,100,11.22,11.27,11.31,11.35,11.37,11.4,11.41,11.43,11.45,11.465,11.49,11.51,11.54,11.58,11.7925,18.098,18.5115,18.6,18.66,0,0,0,0,0,14.7028154327424,75.70385818561,76.0166840458811,79.2492179353493
"12591",11488796.2994,3907332.8022,61.95,19.3567057837385,7.97135821593915,2.41618106705622,12.3729228574639,0.703397384949856,43.0008382229673,99.9161777032691,10.92,11.05,11.576,13.192,14.4,14.996,16.062,18.228,18.8,19.06,19.26,19.56,20.15,20.954,22.36,23.136,25.162,26.504,27.448,0.587248322147651,18.0369127516779,42.7013422818792,84.5637583892617,96.3926174496644,97.2315436241611,97.2315436241611,97.9026845637584,98.741610738255
"12709",11487615.197,3907299.9938,17.86,11.4722751322751,1.23626956983515,4.81682460095779,24.5077469833806,0.103084586343369,7.14285714285714,100,11.02,11.07,11.1,11.134,11.15,11.17,11.19,11.21,11.22,11.24,11.26,11.27,11.29,11.31,11.32,11.35,11.38,11.423,11.52,0,0,0,0,0,0.26525198938992,96.551724137931,96.551724137931,96.551724137931
"12711",11487680.8138,3907299.9938,21.42,15.0897039030956,4.08422481813118,0.552291928593625,1.56361454580707,0.494504699111988,42.5302826379542,100,11.38,11.44,11.48,11.514,11.56,11.62,11.68,11.74,11.82,11.93,14.922,15.192,16.221,17.426,20.725,21.03,21.1,21.15,21.209,0,0,0,0,0,52.1563342318059,55.9299191374663,69.4070080862534,71.5633423180593
"12862",11487582.3886,3907267.1854,32.3,19.2417803837953,6.766077712082,-0.187865864342099,1.45423582268103,0.446175373845083,53.5181236673774,99.680170575693,11.18,11.25,11.29,11.33,11.39,11.46,11.942,15.516,18.123,22.99,25.07,25.14,25.1805,25.22,25.25,25.28,25.31,25.36,25.4515,0.32017075773746,0.32017075773746,0.426894343649947,35.1120597652081,42.9028815368196,46.5314834578442,47.812166488794,97.5453575240128,97.8655282817503
"12863",11487615.197,3907267.1854,32.45,21.6438115631692,7.01514713341575,-0.282477210482855,1.83813874483615,0.554666484439855,59.1006423982869,100,11.21,11.27,11.32,11.422,13.58,17.188,18.204,20.688,25.087,25.21,25.27,25.31,25.34,25.38,25.42,25.49,27.453,32.14,32.25,0,0,0,22.3175965665236,26.6094420600858,36.0515021459227,42.0600858369099,84.3347639484979,86.480686695279
"12865",11487680.8138,3907267.1854,29.49,14.1460923623446,2.91403427145706,1.5829824716698,5.83364214671977,0.486742005246145,49.911190053286,100,11.69,11.75,11.79,11.83,11.86,11.89,11.92,11.96,12.059,14.13,14.751,14.964,15.08,15.2,15.28,15.34,15.51,18.4860000000001,21.088,0,0,0,15.4804270462633,54.8042704626335,89.6797153024911,94.6619217081851,99.644128113879,100
"13017",11487615.197,3907234.377,30.29,27.7180676328502,1.97778305101128,-0.221720634184627,1.16666849868166,0.322260677637113,54.3478260869565,100,25.25,25.29,25.36,25.4,25.44,25.489,25.5855,26.532,27.5255,29.075,29.36,29.41,29.45,29.49,29.52,29.57,29.63,29.71,29.8235,0,0,0,0,0,0,0,0,43.0992736077482
"13019",11487680.8138,3907234.377,33.08,28.9976237623762,4.05219015739283,-0.823966445687592,2.22498589994988,0.572975327098324,66.8316831683168,100,21.483,23.452,23.533,23.68,24.1375,26.695,29.254,29.718,30.1685,30.87,31.0755,31.52,31.8715,32.367,32.4475,32.53,32.637,32.699,32.82,0,0,0,0,0,2.98507462686567,6.96517412935323,29.3532338308458,41.2935323383085
"13020",11487713.6222,3907234.377,32.72,27.4620775623269,2.35381170012271,-2.18141969450296,7.79726166123475,0.366829753067752,72.7146814404432,100,21.571,26.182,26.71,26.89,27.3225,27.853,28.12,28.21,28.27,28.3,28.3355,28.36,28.39,28.42,28.45,28.48,28.52,28.57,28.7495,0,0,0,0,0,3.74479889042996,8.7378640776699,9.98613037447989,97.0873786407767
"13171",11487615.197,3907201.5686,30.1,27.5277358490566,2.02123618194088,0.0172781344800034,1.08223043740841,0.307731845303131,49.475890985325,100,25.31,25.37,25.404,25.44,25.47,25.5,25.54,25.58,25.654,27.23,29.186,29.486,29.53,29.58,29.61,29.64,29.68,29.72,29.812,0,0,0,0,0,0,0,0,49.3697478991597
"13173",11487680.8138,3907201.5686,36.58,32.5078102189781,1.47353751790021,-0.0705391223773213,5.25040706654159,0.319845611564327,70.0729927007299,100,29.174,30.686,31.82,32.364,32.47,32.516,32.566,32.6,32.622,32.65,32.67,32.69,32.71,32.736,32.8,32.848,32.902,33.104,35.832,0,0,0,0,0,0,0,8.08823529411765,86.7647058823529
"13174",11487713.6222,3907201.5686,36.27,29.2455767195767,1.65773275032236,1.57791800827956,3.99509146729028,0.254354097523976,23.3862433862434,100,28.13,28.2,28.24,28.28,28.31,28.34,28.36,28.39,28.42,28.45,28.48,28.51,28.55,28.63,28.83,30.7,32.24,32.54,32.71,0,0,0,0,0,0,0,76.271186440678,94.0677966101695
"13325",11487615.197,3907168.7602,33.61,28.0004685714286,2.76341990966325,0.415411139877218,1.70672176680833,0.420123340513194,49.0285714285714,100,25.157,25.23,25.26,25.29,25.345,25.39,25.43,25.51,25.96,27.6,29.227,29.35,29.45,29.56,29.7,29.95,32.349,32.49,32.55,0,0,0,0,0,0,0,47.5972540045767,81.6933638443936
"13326",11487648.0054,3907168.7602,30.3,27.7418010752688,1.84109796172166,-0.46654079899468,1.39768833923597,0.385977175876365,60.3494623655914,100,25.1,25.19,25.26,25.33,25.38,25.5,26.621,27.828,28.8,28.96,29.03,29.07,29.1,29.141,29.19,29.26,29.34,29.46,29.6285,0,0,0,0,0,0,0,0,37.9542395693136
"13327",11487680.8138,3907168.7602,31.97,27.3425980392157,1.95514294023657,-0.00571332947916282,1.19359152471258,0.352389598252422,50.9803921568627,100,25.08,25.15,25.2,25.24,25.2875,25.33,25.38,25.48,26.3225,27.55,28.95,29.1,29.17,29.21,29.26,29.3,29.36,29.43,29.57,0,0,0,0,0,0,0,41.840490797546,54.2331288343558
"13328",11487713.6222,3907168.7602,32.95,28.0809311740891,2.71753235689287,0.456341605880032,1.91736674290602,0.467780190887487,56.7813765182186,100,25.0335,25.11,25.17,25.21,25.25,25.34,25.526,27.222,28.2,28.29,28.35,28.4,28.45,28.57,29.51,31.906,32.43,32.543,32.59,0,0,0,0,0,0,0,38.0952380952381,76.6970618034448
"13485",11487812.0474,3907135.9518,26.61,15.7493617021277,0.954302853893248,7.83815986100685,76.9345345395516,0.0917625205628582,28.125,100,15.3,15.35,15.4,15.43,15.45,15.48,15.51,15.55,15.58,15.61,15.65,15.69,15.71,15.73,15.76,15.79,15.83,15.89,16.0285,0,0,0,0,0,93.8789088489687,97.7378576180971,99.4011976047904,99.6007984031936
"13486",11487844.8558,3907135.9518,22.61,16.7682778864971,2.48407471665484,1.66494026879111,3.83092959286074,0.218084214172168,18.1017612524462,100,15.31,15.38,15.4215,15.47,15.5,15.53,15.56,15.58,15.61,15.65,15.69,15.74,15.79,15.86,15.9075,16,21.96,22.11,22.19,0,0,0,0,0,0,68.1684622918707,82.0763956904995,82.4681684622919
"13639",11487812.0474,3907103.1434,22.09,17.0522727272727,2.17341018914226,1.26350807049169,2.71986464463323,0.367816669138506,25.0783699059561,100,15.6,15.66,15.69,15.72,15.75,15.77,15.81,15.83,15.86,15.89,15.92,15.95,15.99,16.07,17.075,20.67,20.9,21.02,21.34,0,0,0,0,0,0,0.313725490196078,75.6862745098039,78.3529411764706
"13640",11487844.8558,3907103.1434,22.46,19.2345824411135,2.30032049287439,-0.601393528408239,1.5094217060168,0.485841810896238,63.7044967880086,100,15.83,15.91,15.97,16.04,16.14,16.517,18.563,20.492,20.62,20.7,20.76,20.81,20.84,20.89,20.93,20.984,21.05,21.327,21.5135,0,0,0,0,0,0,2.35798499464094,33.8692390139336,38.0493033226152
"13793",11487812.0474,3907070.335,21.94,18.2108860759494,2.46510356149189,0.371492727564943,1.23594464126883,0.477857255191282,41.966893865628,100,15.9,15.95,15.99,16.022,16.05,16.08,16.12,16.17,16.22,16.28,17.1,19.002,20.89,21.01,21.08,21.16,21.28,21.43,21.62,0,0,0,0,0,0,0,56.140350877193,61.6959064327485
"13794",11487844.8558,3907070.335,21.4,21.0022971114168,0.122854388848804,0.0293288611188327,2.92241430374732,0.22398636559454,48.9683631361761,100,20.8,20.84,20.879,20.9,20.92,20.94,20.96,20.97,20.987,21,21.02,21.03,21.05,21.07,21.085,21.1,21.13,21.16,21.207,0,0,0,0,0,0,0,0,0
"13948",11487844.8558,3907037.5266,21.85,18.6088501413761,2.4471843268148,-0.189722278658287,1.1752968686517,0.470277893953253,53.3459000942507,100,15.54,15.62,15.72,15.78,15.83,15.88,15.99,16.99,18.25,20.38,20.58,20.66,20.73,20.79,20.84,20.89,20.97,21.13,21.42,0,0,0,0,0,0,0.0943396226415094,41.9811320754717,48.8679245283019
"13949",11487877.6642,3907037.5266,23.25,17.9670153291253,2.94524805743097,-0.0230992843585675,3.80044032010283,0.492405636525274,42.200180342651,99.819657348963,15.3,15.36,15.41,15.45,15.49,15.53,15.58,15.65,15.77,16.01,16.838,18.804,20.622,20.79,20.89,21.14,21.53,22.31,22.43,0.180505415162455,0.180505415162455,0.180505415162455,0.270758122743682,0.270758122743682,0.270758122743682,52.2563176895307,59.2960288808664,76.2635379061372
"14102",11487844.8558,3907004.7182,22.31,16.7175742971888,2.36245323102749,1.72115663608509,4.06958403755614,0.239143642463063,18.2329317269076,100,15.38,15.43,15.47,15.5,15.54,15.56,15.59,15.62,15.64,15.67,15.7,15.73,15.76,15.8,15.84,15.95,21.272,22.01,22.118,0,0,0,0,0,0,39.4694533762058,81.9131832797428,83.8424437299035
"14103",11487877.6642,3907004.7182,22.59,15.9702153110048,1.72834376475125,3.25183688434487,11.7872513445955,0.105455734274048,7.53588516746411,100,15.24,15.29,15.32,15.35,15.38,15.405,15.43,15.45,15.48,15.5,15.52,15.55,15.58,15.61,15.64,15.67,15.7075,15.795,22.1275,0,0,0,0,0,0,90.6586826347305,92.6946107784431,93.0538922155689
"14405",11487680.8138,3906939.1014,72.02,27.6102049910873,12.3381599137014,2.53105700376303,8.02683711519032,0.521115370660077,10.5169340463458,100,18.0605,19.44,20.9615,22.14,22.78,23.183,23.48,24.12,24.71,25.07,25.2,25.316,25.42,25.51,25.61,25.708,25.84,40.8370000000002,63.4855,0,0,18.3764495985727,89.5628902765388,89.5628902765388,90.1873327386262,90.2765388046387,91.5254237288136,96.6101694915254
"14406",11487713.6222,3906939.1014,27.72,22.485892053973,3.8955910136573,-1.00716625290135,2.41830175898314,0.57539513808935,66.4167916041979,100,15.18,15.286,15.39,18.104,20.35,21.376,23.131,23.774,24.178,24.64,24.9,25,25.06,25.11,25.19,25.33,25.49,25.724,25.867,0,0,0,0,0,18.9189189189189,21.7717717717718,32.4324324324324,57.5075075075075
"14466",11489682.1262,3906939.1014,22.67,18.695068119891,0.631727991235028,3.07059330880235,12.9479291299439,0.118569739718103,20.4359673024523,100,18.263,18.316,18.35,18.392,18.42,18.45,18.46,18.494,18.517,18.54,18.56,18.59,18.61,18.632,18.665,18.7,18.731,18.814,20.554,0,0,0,0,0,0,0,1.91256830601093,94.8087431693989
"14467",11489714.9346,3906939.1014,22.79,18.9909893048128,1.08693747148097,2.57733570092421,8.33426386475443,0.197683010109446,14.9732620320856,100,18.3265,18.4,18.44,18.49,18.51,18.54,18.57,18.592,18.61,18.63,18.66,18.7,18.72,18.76,18.7875,18.85,18.981,20.302,22.437,0,0,0,0,0,0,0,2.41935483870968,90.5913978494624
"14470",11489813.3598,3906939.1014,50.63,25.6337939393939,8.09911115410906,0.533770535636308,3.95126346595175,0.588600908446622,69.0909090909091,100,13.572,13.64,13.75,15.882,22,25.006,26.84,26.91,26.95,26.99,27.02,27.05,27.09,27.13,27.18,27.24,28.014,36.434,41.212,0,0,18.2038834951456,23.4223300970874,30.7038834951456,86.0436893203883,89.4417475728155,94.7815533980583,96.4805825242718
"14471",11489846.1682,3906939.1014,27.6,27.0374583963691,0.169886459882369,0.499973719655254,3.32761936149666,0.206817533041747,45.2344931921331,100,26.79,26.85,26.88,26.9,26.92,26.94,26.96,26.98,26.99,27.01,27.04,27.06,27.08,27.11,27.13,27.17,27.21,27.28,27.35,0,0,0,0,0,0,0,0,0
"14472",11489878.9766,3906939.1014,27.89,27.2657819225251,0.256445079521262,0.104720425309056,2.2619582788714,0.130131758868982,47.7761836441894,100,26.88,26.93,26.99,27.03,27.08,27.11,27.146,27.18,27.21,27.24,27.29,27.32,27.35,27.41,27.47,27.51,27.58,27.634,27.69,0,0,0,0,0,0,0,0,0
"14473",11489911.785,3906939.1014,29.44,27.18965583174,0.321182972791125,3.29810513486074,18.9502435808525,0.188970500349468,36.9024856596558,100,26.87,26.93,26.96,26.99,27.02,27.046,27.06,27.08,27.1,27.13,27.15,27.17,27.2,27.244,27.29,27.35,27.39,27.45,27.56,0,0,0,0,0,0,0,0,0
"14560",11487713.6222,3906906.293,26.54,25.7194428969359,0.275675858107054,-0.178106671323128,3.17365872893654,0.139154239866697,49.8607242339833,100,25.19,25.334,25.49,25.55,25.58,25.61,25.64,25.67,25.7,25.71,25.74,25.762,25.79,25.82,25.88,25.94,26.02,26.1,26.18,0,0,0,0,0,0,0,0,0
"14561",11487746.4306,3906906.293,32.52,26.6791097922849,2.81140263059208,1.36152163209444,2.8953052967967,0.274122301480782,22.0573689416419,100,24.955,25.02,25.05,25.08,25.11,25.13,25.15,25.17,25.2,25.23,25.26,25.29,25.35,25.44,25.605,31.73,32.005,32.07,32.12,0,0,0,0,0,0,0,78.019801980198,78.4158415841584
"14568",11487976.0894,3906906.293,33.26,27.8368445378151,2.79943319808675,0.119745953487616,1.79051927554289,0.653668809277694,44.8319327731092,100,23.77,24.449,24.86,25.16,25.5075,25.8,26.2065,26.58,26.8855,27.245,27.82,28.634,29.334,30.046,30.6,31.02,31.31,31.652,32.1405,0,0,0,0,0,0,3.02648171500631,40.5632618747373,69.0626313577133
"14620",11489682.1262,3906906.293,29.11,22.1173956262425,4.39757975999964,0.674534455010278,1.62083995430782,0.452468304934559,34.3936381709742,100,18.37,18.44,18.51,18.554,18.615,18.67,18.727,18.78,18.86,18.96,19.498,21.204,21.923,26.078,28.355,28.57,28.69,28.76,28.87,0,0,0,0,0,0,56.9721115537849,66.7330677290837,70.3187250996016
"14621",11489714.9346,3906906.293,22.16,19.1397727272727,1.14822899841925,1.844859837661,4.60121315905421,0.173025066628945,15.9090909090909,100,18.4135,18.437,18.51,18.53,18.5475,18.571,18.608,18.658,18.6815,18.715,18.74,18.77,18.8,18.81,18.8325,18.882,20.784,21.703,21.8565,0,0,0,0,0,0,0,0,85.0574712643678
"14622",11489747.743,3906906.293,27.23,18.3342142857143,1.85316181145543,0.447240507041187,12.6911668793032,0.140793666202247,86.0714285714286,100,13.538,18.225,18.3485,18.39,18.4375,18.46,18.49,18.5,18.53,18.55,18.58,18.61,18.65,18.68,18.7125,18.75,18.7615,18.81,18.9,0,0,0,0,6.81003584229391,8.24372759856631,97.8494623655914,98.5663082437276,98.5663082437276
"14623",11489780.5514,3906906.293,31.05,21.9669558101473,6.44734932671303,-0.470652075585711,1.30626628690973,0.384994704048634,60.392798690671,100,13.36,13.41,13.46,13.51,13.57,13.62,17.895,22.47,26.905,26.98,27.02,27.06,27.095,27.11,27.14,27.17,27.2,27.24,27.3,0,0,0,0,34.2622950819672,37.3770491803279,39.5081967213115,40.8196721311475,99.016393442623
"14627",11489911.785,3906906.293,27.49,25.786316872428,5.50300246204951,-4.30237447337737,19.6322574323249,0.268636982502584,95.2674897119342,96.0905349794239,26.58,26.75,26.8,26.84,26.88,26.9,26.93,26.95,26.98,26.99,27.02,27.04,27.06,27.08,27.11,27.14,27.1725,27.22,27.28,4.12371134020619,4.32989690721649,4.74226804123711,4.74226804123711,4.74226804123711,4.74226804123711,4.74226804123711,4.74226804123711,4.74226804123711
"14628",11489944.5934,3906906.293,27.51,27.0701437371663,0.138451830389736,0.0361704471591777,3.02230396107942,0.178317452595426,49.4866529774127,100,26.85,26.88,26.92,26.95,26.97,27,27.02,27.04,27.06,27.07,27.09,27.11,27.12,27.14,27.16,27.18,27.21,27.24,27.3,0,0,0,0,0,0,0,0,0
"14629",11489977.4018,3906906.293,27.84,27.2631707317073,0.228509149318376,-0.261831757629914,2.32469594913246,0.131683915645068,55.3470919324578,100,26.87,26.94,26.99,27.04,27.08,27.136,27.19,27.23,27.27,27.3,27.32,27.35,27.37,27.41,27.43,27.46,27.502,27.55,27.594,0,0,0,0,0,0,0,0,0
"14630",11490010.2102,3906906.293,27.9,27.6150602409639,0.141846477418506,-0.65787312710956,3.18188226777577,0,54.2168674698795,100,27.381,27.4,27.486,27.514,27.53,27.546,27.58,27.6,27.61,27.64,27.661,27.672,27.69,27.7,27.72,27.74,27.75,27.788,27.8,0,0,0,0,0,0,0,0,0
"14722",11487976.0894,3906873.4846,36.02,29.8058668341709,2.5992174957351,-0.219831645977238,2.0905384130767,0.629588234708802,55.5276381909548,100,25.41,25.927,26.441,26.964,27.55,28.24,28.86,29.39,29.84,30.27,30.64,31.03,31.35,31.58,31.8,32.1,32.4695,32.813,33.35,0,0,0,0,0,0,3.10012568077084,34.3946376204441,84.2480100544617
"14774",11489682.1262,3906873.4846,29.13,28.6636683417085,0.764327862482082,-10.2292050070487,114.837400563115,0.0582604143031449,67.8391959798995,100,28.479,28.528,28.6,28.62,28.65,28.66,28.68,28.69,28.71,28.72,28.75,28.77,28.79,28.82,28.83,28.86,28.883,28.95,28.98,0,0,0,0,0,0,0.505050505050505,0.505050505050505,1.01010101010101
"14776",11489747.743,3906873.4846,27.71,27.1560451977401,0.134731037593466,0.300466269970543,4.02694314724309,0.0910663992686905,52.5423728813559,100,26.946,27.01,27.03,27.05,27.06,27.07,27.1,27.114,27.14,27.16,27.178,27.19,27.214,27.23,27.24,27.26,27.29,27.33,27.36,0,0,0,0,0,0,0,0,0
"14777",11489780.5514,3906873.4846,30.74,27.1723801652893,0.464451489782194,5.09645249024835,33.3754032480996,0.217586853922025,34.5454545454545,100,26.842,26.9,26.94,26.96,26.98,27.01,27.03,27.05,27.08,27.1,27.12,27.14,27.17,27.19,27.23,27.26,27.304,27.34,27.44,0,0,0,0,0,0,0,0,96.8543046357616
"14783",11489977.4018,3906873.4846,27.81,27.0482535885167,0.194074234354613,0.451717654110456,3.16405902774853,0.203026542466905,48.3253588516746,100,26.76,26.8,26.8455,26.884,26.91,26.93,26.96,26.99,27.01,27.03,27.06,27.09,27.11,27.14,27.17,27.2,27.25,27.31,27.38,0,0,0,0,0,0,0,0,0
"14876",11487976.0894,3906840.6762,36.99,31.4429737151824,2.95464813939745,-0.521849617307901,2.03863090587186,0.632904204912432,59.2389172224402,100,26.234,26.778,27.27,27.76,28.73,30.334,30.928,31.38,31.8,32.21,32.59,32.958,33.22,33.48,33.78,34.084,34.418,34.73,35.19,0,0,0,0,0,0,2.43328100470958,26.2951334379906,66.4442700156986
"14927",11489649.3178,3906840.6762,29.1,27.2713069306931,3.30567367525491,-2.20006824097399,5.91282269762356,0.167796494347047,85.5445544554455,100,18.612,18.784,28.176,28.338,28.38,28.42,28.45,28.47,28.5,28.52,28.54,28.57,28.61,28.63,28.66,28.68,28.72,28.77,28.848,0,0,0,0,0,0,12.6984126984127,12.6984126984127,13.6904761904762
"14928",11489682.1262,3906840.6762,29.14,28.8064179104478,0.145547050525868,-0.141892391139309,2.89548255925292,0.0984392602064355,52.2388059701493,100,28.58,28.622,28.64,28.672,28.715,28.748,28.761,28.784,28.8,28.83,28.833,28.84,28.86,28.88,28.89,28.908,28.932,28.982,29.04,0,0,0,0,0,0,0,0,0
"14930",11489747.743,3906840.6762,27.41,27.0305097087379,0.121551136307432,0.113535484722833,3.07326056908639,0.200134506345665,44.4174757281553,100,26.84,26.89,26.91,26.93,26.95,26.963,26.98,27,27.01,27.02,27.03,27.05,27.07,27.09,27.11,27.14,27.16,27.19,27.23,0,0,0,0,0,0,0,0,0
"14937",11489977.4018,3906840.6762,27.5,27.1067364016736,0.140918734380471,0.104589050234113,2.86146057181777,0.160351988181192,48.744769874477,100,26.89,26.93,26.96,26.98,27.01,27.03,27.0495,27.06,27.08,27.1,27.12,27.14,27.17,27.18,27.2,27.226,27.2545,27.283,27.35,0,0,0,0,0,0,0,0,0
"15030",11487976.0894,3906807.8678,40.06,34.1864326375712,3.45386493902205,-0.911427517188825,2.83192778137334,0.633909051425733,61.404174573055,100,27.15,27.614,28.374,32.188,32.875,33.402,33.869,34.306,34.703,35.13,35.47,35.79,36.06,36.33,36.64,37,37.34,37.756,38.243,0,0,0,0,0,0,13.4016704631739,19.4381169324222,64.958238420653
"15077",11489518.0842,3906807.8678,39.93,36.7239384116694,0.993501555286434,0.625628944080262,2.57938550997401,0.373458878667171,45.0567260940032,100,35.56,35.656,35.71,35.76,35.84,35.9,35.99,36.114,36.272,36.5,36.728,36.93,37.2,37.392,37.57,37.708,37.886,38.05,38.28,0,0,0,0,0,0,0,0,32.3051948051948
"15078",11489550.8926,3906807.8678,38.29,28.9084290540541,9.38755772277019,-0.903651807343111,1.94768236558502,0.49601451302567,67.9054054054054,100,13.19,13.25,13.36,13.774,18.1375,25.674,33.3655,34.8,34.89,34.98,35.0505,35.14,35.19,35.25,35.3225,35.43,35.52,35.61,35.8,0,0,0,23.1810490693739,25.8883248730964,28.595600676819,30.6260575296108,32.994923857868,36.2098138747885
"15079",11489583.701,3906807.8678,35.7,17.5506289308176,7.74106997308722,1.61190513359839,3.84383487845474,0.34556885955376,25.7861635220126,100,13.14,13.22,13.27,13.34,13.39,13.43,13.47,13.5,13.53,13.56,13.58,13.62,13.67,13.795,18.4625,19.59,30.395,34.75,34.8725,0,0,0,71.8110236220472,74.3307086614173,81.259842519685,82.992125984252,84.4094488188976,85.511811023622
"15080",11489616.5094,3906807.8678,29.22,23.1843469387755,7.1687609401639,-0.585060106313064,1.37151233873205,0.272208878184679,63.469387755102,100,13.31,13.39,13.43,13.45,13.51,13.58,17.6455,28.352,28.46,28.51,28.56,28.58,28.61,28.63,28.65,28.68,28.71,28.741,28.79,0,0,0,0,33.1288343558282,34.9693251533742,35.9918200408998,36.8098159509202,37.2188139059305
"15081",11489649.3178,3906807.8678,29.16,28.6655905511811,0.138153569494682,0.0220087265820332,3.47242837010357,0.013520573563977,48.8188976377953,100,28.4465,28.49,28.52,28.556,28.59,28.61,28.62,28.63,28.65,28.66,28.6815,28.71,28.72,28.74,28.75,28.77,28.79,28.827,28.8735,0,0,0,0,0,0,0,0,0
"15084",11489747.743,3906807.8678,50.65,37.351375,11.0191562461749,0.265015895575828,1.11063122559844,0.374042332353002,43.3333333333333,100,27.1,27.16,27.21,27.24,27.2575,27.3,27.34,27.418,27.803,29.3,31.1745,48.196,50.07,50.18,50.24,50.29,50.33,50.42,50.47,0,0,0,0,0,53.9748953974895,56.0669456066946,57.3221757322176,57.7405857740586
"15085",11489780.5514,3906807.8678,50.6,28.9085878962536,5.80095989172682,3.2050234732889,11.5619716523583,0.220518493347363,9.36599423631124,100,26.91,26.97,27.01,27.05,27.08,27.11,27.14,27.16,27.18,27.2,27.22,27.24,27.27,27.29,27.31,27.344,27.4005,27.612,48.478,0,0,0,0,0,91.3419913419913,91.9191919191919,92.9292929292929,93.5064935064935
"15091",11489977.4018,3906807.8678,32.79,27.6978531073446,1.71299976133315,2.29149596629829,6.32631083145568,0.261708819080224,12.1468926553672,100,26.83,26.89,26.94,26.96,26.98,27,27.02,27.04,27.07,27.09,27.11,27.13,27.1445,27.18,27.22,27.27,27.351,32.124,32.2705,0,0,0,0,0,0,0,0,88.1019830028329
"15231",11489518.0842,3906775.0594,40.73,38.3237640449438,0.304073546421207,1.59154561287254,12.7175546936938,0.114102754074747,43.5393258426966,100,37.92,37.98,38.02,38.09,38.12,38.14,38.16,38.18,38.23,38.26,38.3025,38.37,38.45,38.51,38.56,38.6,38.64,38.69,38.7625,0,0,0,0,0,0,0,0,0
"15237",11489714.9346,3906775.0594,32.89,31.7636301369863,1.66193442757777,-2.26858283931353,6.40576643245524,0.179164613887942,84.9315068493151,100,27.1775,27.61,31.8,32.07,32.1575,32.21,32.25,32.29,32.3325,32.365,32.38,32.4,32.445,32.48,32.5275,32.56,32.6,32.635,32.6975,0,0,0,0,0,0,0,0,11.7241379310345
"15238",11489747.743,3906775.0594,50.6,34.4803664921466,8.69583569589733,0.964580114484319,2.29498591304189,0.460629510568306,27.3560209424084,100,27.14,27.19,27.24,27.28,27.31,27.34,27.41,27.864,32.07,32.15,32.22,32.31,32.45,32.571,39.6825,47.92,49.9,50.177,50.37,0,0,0,0,0,41.5465268676278,73.132372214941,75.7536041939712,78.3748361730013
"15239",11489780.5514,3906775.0594,50.54,27.144358974359,1.22793030899657,17.3781140891208,314.511602422794,0.177378517646705,40.2714932126697,100,26.73,26.8,26.85,26.88,26.9,26.93,26.96,26.98,27.02,27.06,27.1,27.15,27.2,27.244,27.27,27.29,27.33,27.378,27.42,0,0,0,0,0,99.8489425981873,99.8489425981873,99.8489425981873,99.8489425981873
"15240",11489813.3598,3906775.0594,29.49,27.4348801369863,0.598581788175017,1.628641658647,4.44031850891067,0.25931146899444,21.5753424657534,100,26.8915,26.963,27.02,27.056,27.09,27.12,27.15,27.18,27.21,27.23,27.25,27.28,27.3,27.35,27.39,27.538,28.2855,28.61,28.82,0,0,0,0,0,0,0,0,0
"15241",11489846.1682,3906775.0594,29.3,27.0142424242424,0.348365756044807,3.29432048167401,16.1885333215692,0.240614478993853,37.8787878787879,100,26.71,26.75,26.78,26.81,26.84,26.86,26.89,26.92,26.94,26.96,26.9715,27,27.03,27.051,27.08,27.11,27.1305,27.187,27.4075,0,0,0,0,0,0,0,0,0
"15244",11489944.5934,3906775.0594,28.59,27.0529553264605,0.211043293347438,1.97596544510527,14.5570951604881,0.210621715730472,49.4845360824742,100,26.7305,26.83,26.87,26.9,26.94,26.96,26.98,27.01,27.03,27.05,27.07,27.09,27.1065,27.127,27.15,27.18,27.21,27.25,27.33,0,0,0,0,0,0,0,0,0
"15245",11489977.4018,3906775.0594,27.02,26.8172307692308,0.10912303395004,-0.533506713022495,4.0327668325052,0.0412357663022141,52.3076923076923,100,26.638,26.69,26.72,26.748,26.76,26.78,26.79,26.796,26.81,26.82,26.82,26.83,26.84,26.85,26.88,26.912,26.94,26.966,26.99,0,0,0,0,0,0,0,0,0
"15384",11489485.2758,3906742.251,44.33,40.4120336605891,0.682548873823339,1.42871023694046,15.3594461716106,0.158668614836898,47.8260869565217,100,39.516,40.01,40.12,40.18,40.21,40.26,40.29,40.33,40.37,40.4,40.43,40.47,40.518,40.55,40.59,40.64,40.7,40.78,40.88,0,0,0,0,0,0,0,0,7.16292134831461
"15385",11489518.0842,3906742.251,41.14,40.1025438596491,1.07842339760392,-1.06045407764277,2.48151363995646,0.288523884615744,68.859649122807,100,38.0035,38.087,38.2785,38.85,39.4525,40.028,40.2535,40.558,40.6715,40.73,40.76,40.79,40.8155,40.85,40.87,40.886,40.9095,40.94,40.9965,0,0,0,0,0,0,0,0,0
"15391",11489714.9346,3906742.251,32.95,27.1684537815126,0.857881049298664,5.00201222652161,29.2156073876925,0.259187193250022,17.6470588235294,100,26.73,26.8,26.84,26.87,26.895,26.912,26.939,26.96,26.97,26.99,27.01,27.03,27.06,27.09,27.12,27.15,27.19,27.3,27.753,0,0,0,0,0,0,0,0,96.8013468013468
"15395",11489846.1682,3906742.251,29.33,27.8540137389598,1.0333332886679,-18.1078544630914,476.731145355604,0.287312080725068,58.7831207065751,99.9018645731109,26.829,26.978,27.12,27.27,27.41,27.59,27.74,27.84,27.93,28,28.08,28.14,28.21,28.28,28.34,28.404,28.46,28.52,28.66,0.0982318271119843,0.0982318271119843,0.0982318271119843,0.0982318271119843,0.0982318271119843,0.0982318271119843,0.0982318271119843,0.0982318271119843,0.196463654223969
"15396",11489878.9766,3906742.251,29.59,27.7817219251337,0.721904695511119,-0.379717269544448,1.87244179916769,0.319418755199634,59.4652406417112,100,26.57,26.734,26.82,26.91,27.035,27.212,27.61,27.77,27.9,27.98,28.08,28.18,28.241,28.31,28.36,28.44,28.5,28.586,28.68,0,0,0,0,0,0,0,0,6.74518201284797
"15397",11489911.785,3906742.251,29.67,27.2379833926453,0.558086282765738,1.72062703665997,4.8182226927631,0.302383307216199,23.8434163701068,100,26.781,26.83,26.87,26.89,26.91,26.94,26.96,26.98,27.01,27.03,27.06,27.08,27.11,27.14,27.22,27.326,27.947,28.284,28.6,0,0,0,0,0,0,0,0,2.37529691211401
"15398",11489944.5934,3906742.251,50.46,30.6504109589041,8.19440764601203,1.8720964950134,4.53728171119681,0.312241590472325,16.0958904109589,100,26.721,26.841,26.92,26.96,27,27.03,27.04,27.06,27.0895,27.11,27.13,27.16,27.2015,27.24,27.2925,27.492,47.5735,49.729,50.1335,0,0,0,0,0,84.192439862543,84.192439862543,84.5360824742268,84.5360824742268
"15538",11489485.2758,3906709.4426,62.75,51.5831565967941,9.10773581918088,-0.29607919756043,1.2031186799291,0.444249721289007,57.5832305795314,100,40.205,40.39,40.495,40.58,40.66,40.76,40.885,46.23,55.565,58.46,58.57,58.64,58.715,58.8,58.89,59.54,60.115,60.3,62.33,0,0,0,0,0,0,38.5185185185185,41.8518518518519,45.8024691358025
"15539",11489518.0842,3906709.4426,41.01,40.7331428571429,0.17598080491201,-0.96987693083565,4.78964733011174,0.0782595837367616,54.2857142857143,100,40.479,40.584,40.601,40.61,40.625,40.652,40.687,40.706,40.726,40.75,40.77,40.788,40.81,40.818,40.845,40.88,40.889,40.922,41,0,0,0,0,0,0,0,0,0
"15544",11489682.1262,3906709.4426,27.66,27.2991780821918,0.225467128822816,-0.651558431724889,2.40507801533185,0.119877036449553,58.9041095890411,100,26.866,26.972,27,27.104,27.17,27.218,27.26,27.286,27.32,27.36,27.376,27.4,27.43,27.448,27.48,27.496,27.524,27.55,27.57,0,0,0,0,0,0,0,0,0
"15545",11489714.9346,3906709.4426,27.78,27.0726960784314,0.206703736021908,0.911689825147924,3.49838652290469,0.20296075299585,37.9084967320261,100,26.81,26.85,26.89,26.91,26.94,26.96,26.9785,26.99,27.01,27.03,27.05,27.07,27.09,27.12,27.16,27.208,27.3035,27.409,27.5245,0,0,0,0,0,0,0,0,0
"15552",11489944.5934,3906709.4426,51.13,36.698066581306,10.642751703446,0.328628393108796,1.2325876041747,0.528291322594056,43.9180537772087,100,26.82,26.87,26.9,26.93,26.96,27.01,27.06,27.23,27.46,28.15,33.85,41.18,47.58,48.64,50.15,50.32,50.39,50.48,50.56,0,0,0,0,0,51.5384615384615,55.5128205128205,59.6153846153846,64.3589743589744
"15553",11489977.4018,3906709.4426,50.78,37.9926241134752,10.2660190257116,0.0818885477452468,1.2061491704838,0.592550235797069,49.645390070922,100,26.87,26.9,26.95,27,27.06,27.16,27.33,29.66,32.65,37.38,40.2,44.11,47.98,48.26,49.46,50.21,50.34,50.41,50.46,0,0,0,0,0,42.1428571428571,47.8571428571429,55.7142857142857,62.8571428571429
"15692",11489485.2758,3906676.6342,63.27,46.2175239923225,17.4195143095852,-0.653248823846128,1.61168146188916,0.646640602207487,62.3800383877159,100,19.79,19.86,19.91,20.066,23.59,32.083,41.3985,51.128,58.238,58.5,58.6,58.676,58.78,59.444,59.9275,60.12,60.25,61.264,62.2495,0.0960614793467819,0.0960614793467819,0.0960614793467819,26.6090297790586,29.8751200768492,33.1412103746398,36.4073006724304,39.4812680115274,43.4197886647454
"15693",11489518.0842,3906676.6342,63.07,49.6342987804878,14.6070877855261,-1.12950245851319,2.6854077659418,0.620964927150428,67.3780487804878,100,19.2075,20.729,27.752,34.744,40.8775,47.464,53.6485,58.236,58.3815,58.43,58.4785,58.5,58.54,58.57,58.6325,58.7,59.694,60.169,62.752,0,0,3.97553516819572,13.1498470948012,18.0428134556575,22.6299694189602,28.1345565749235,33.0275229357798,37.308868501529
"15698",11489682.1262,3906676.6342,27.49,27.1111143695015,0.148810741820426,-0.161334312001917,2.88804955895834,0.15469279950384,52.7859237536657,100,26.87,26.93,26.95,26.99,27,27.02,27.05,27.07,27.1,27.12,27.14,27.16,27.18,27.19,27.21,27.24,27.27,27.3,27.35,0,0,0,0,0,0,0,0,0
"15699",11489714.9346,3906676.6342,30.48,27.3803630363036,0.597481933932088,4.42449378431513,22.3281526825672,0.082627691094421,27.7227722772277,100,27.03,27.08,27.11,27.13,27.15,27.17,27.19,27.21,27.23,27.25,27.28,27.31,27.34,27.37,27.41,27.45,27.48,27.52,27.6,0,0,0,0,0,0,0,0,78.1818181818182
"15706",11489944.5934,3906676.6342,29.28,27.0950527903469,0.28530201613621,2.78019827664444,17.4530742527782,0.21720018241324,49.3212669683258,100,26.76,26.802,26.85,26.88,26.92,26.95,26.99,27.03,27.06,27.09,27.12,27.142,27.16,27.18,27.21,27.23,27.27,27.31,27.439,0,0,0,0,0,0,0,0,0
"15707",11489977.4018,3906676.6342,27.34,26.9099507389163,0.162232254783152,0.793781994526301,2.75322324720609,0.172314582693313,37.9310344827586,100,26.711,26.75,26.77,26.78,26.79,26.8,26.82,26.84,26.85,26.87,26.881,26.9,26.92,26.944,27,27.05,27.117,27.178,27.229,0,0,0,0,0,0,0,0,0
"15846",11489485.2758,3906643.8258,21.35,15.753061465721,6.66442553984206,-1.21509215724508,2.55856842916617,0.479794859022598,74.9408983451537,98.5815602836879,3.6725,3.88,4.09,4.26,15.3275,18.965,19.11,19.18,19.24,19.29,19.36,19.51,19.7225,19.79,19.84,19.89,19.93,19.99,20.05,1.65680473372781,20.2366863905325,22.603550295858,22.9585798816568,24.0236686390533,24.4970414201183,24.8520710059172,25.7988165680473,42.7218934911243
"15847",11489518.0842,3906643.8258,20.07,19.0565853658537,0.256735418785942,0.0474769001719165,2.93591055546145,0.226854684853246,55.4878048780488,100,18.65,18.717,18.75,18.8,18.84,18.88,18.93,19,19.06,19.09,19.14,19.17,19.1955,19.23,19.25,19.29,19.32,19.36,19.4165,0,0,0,0,0,0,0,0,0
"15852",11489682.1262,3906643.8258,50.62,34.4846692607004,10.6056517577465,0.748593941438657,1.59189681620383,0.350830212817198,33.0739299610895,100,26.898,26.95,26.98,27.012,27.03,27.048,27.06,27.09,27.102,27.14,27.16,27.196,27.392,47.828,49.89,50.16,50.212,50.28,50.33,0,0,0,0,0,66.796875,67.1875,67.578125,69.140625
"15853",11489714.9346,3906643.8258,50.65,29.7241394025605,7.18432785610958,2.42366937334848,6.96423614401438,0.276034580186694,12.6600284495021,100,26.85,26.91,26.95,26.98,27,27.02,27.05,27.07,27.09,27.11,27.13,27.16,27.18,27.21,27.25,27.29,27.427,47.882,50.338,0,0,0,0,0,87.8917378917379,88.3190883190883,88.8888888888889,89.3162393162393
"15860",11489944.5934,3906643.8258,29.56,27.8694990723562,0.677432704534383,-0.599245438240482,2.39416320284602,0.30109118807492,60.5751391465677,100,26.617,26.834,27,27.13,27.35,27.551,27.7495,27.88,27.97,28.05,28.12,28.18,28.26,28.33,28.4,28.45,28.53,28.62,28.7015,0,0,0,0,0,0,0,0,5.01392757660167
"15861",11489977.4018,3906643.8258,28.91,27.4285714285714,0.47240728308842,1.55396588409295,5.40555854038293,0.167606071700166,47.6190476190476,100,26.97,27.001,27.023,27.062,27.08,27.116,27.1435,27.166,27.2145,27.3,27.4355,27.47,27.576,27.624,27.64,27.668,27.7255,27.815,28.647,0,0,0,0,0,0,0,0,0
"16001",11489518.0842,3906611.0174,21.25,19.1598659517426,0.289464156868849,3.74681389410465,25.0759962813863,0.198751093689582,44.2359249329759,100,18.876,18.93,18.96,18.984,19.02,19.03,19.06,19.08,19.1,19.13,19.15,19.17,19.198,19.214,19.24,19.266,19.3,19.36,19.512,0,0,0,0,0,0,0,0,50.1347708894879
"16005",11489649.3178,3906611.0174,27.43,27.085504587156,0.15806401796443,-0.787475964110078,4.17173198013033,0.17098857819933,54.1284403669725,100,26.84,26.888,26.942,26.96,26.99,27.024,27.04,27.062,27.08,27.1,27.124,27.14,27.152,27.17,27.2,27.21,27.24,27.26,27.3,0,0,0,0,0,0,0,0,0
"16006",11489682.1262,3906611.0174,50.7,33.7055862068966,9.65782272998358,0.963261842831655,2.05332629073604,0.408677593163362,31.1724137931034,100,27.04,27.09,27.13,27.16,27.18,27.2,27.23,27.25,27.28,27.3,27.342,27.46,29.806,35.412,44.13,49.186,50.054,50.18,50.308,0,0,0,0,0,67.9558011049724,70.3038674033149,72.9281767955801,75.6906077348066
"16007",11489714.9346,3906611.0174,50.69,28.3718595578674,5.234070730066,3.84039220503449,15.8717071624629,0.23604488040364,6.11183355006502,100,26.78,26.85,26.89,26.91,26.94,26.97,26.99,27.02,27.056,27.09,27.12,27.14,27.17,27.21,27.24,27.28,27.33,27.41,47.798,0,0,0,0,0,94.0104166666667,94.53125,94.53125,94.53125
"16008",11489747.743,3906611.0174,30.8,27.2786061588331,0.787448824658158,3.22631191208941,13.4272971905074,0.271734903518935,35.6564019448946,100,26.7,26.776,26.83,26.86,26.89,26.92,26.95,26.97,27.02,27.06,27.12,27.18,27.28,27.35,27.39,27.448,27.49,27.53,29.194,0,0,0,0,0,0,0,0,93.6688311688312
"16009",11489780.5514,3906611.0174,31.62,27.0385617597293,0.544590777005643,4.55447302741099,29.7536962019306,0.232484856714135,31.8104906937394,100,26.635,26.69,26.73,26.75,26.78,26.8,26.83,26.86,26.88,26.91,26.94,26.97,27.01,27.05,27.12,27.21,27.3,27.39,27.6,0,0,0,0,0,0,0,0,97.2881355932203
"16014",11489944.5934,3906611.0174,29,27.6098384030418,0.67037790762942,-0.331346829857623,2.16359841733277,0.334437363451925,55.0380228136882,100,26.57,26.74,26.84,26.9,26.98,27.09,27.26,27.454,27.6095,27.73,27.8305,27.93,28.02,28.09,28.19,28.27,28.36,28.43,28.51,0,0,0,0,0,0,0,0,1.33206470028544
"16015",11489977.4018,3906611.0174,30.71,28.3370837867247,0.835475797899782,0.123700885933649,2.48258272522385,0.372533475985749,52.3394994559304,100,26.97,27.11,27.377,27.54,27.72,27.91,28.04,28.172,28.27,28.37,28.48,28.548,28.62,28.74,28.855,29.02,29.173,29.49,29.831,0,0,0,0,0,0,0,0,23.202614379085
"16016",11490010.2102,3906611.0174,31.67,29.617619047619,0.83241857602668,-0.0578476083963209,1.79644967585439,0.327299532783702,54.7619047619048,100,28.4325,28.485,28.585,28.72,28.835,28.925,29.05,29.2,29.595,29.815,29.93,30.08,30.155,30.245,30.33,30.39,30.47,30.62,30.7,0,0,0,0,0,0,0,0,11.2
"16154",11489485.2758,3906578.209,30.5,18.6785714285714,1.59159457792888,6.08884029331294,42.8974529569067,0.244170489484854,21.6867469879518,100,17.91,18.01,18.05,18.11,18.15,18.17,18.2,18.24,18.28,18.32,18.36,18.42,18.49,18.55,18.61,18.76,18.97,19.57,19.87,0,0,0,0,0,46.551724137931,98.448275862069,98.448275862069,98.448275862069
"16155",11489518.0842,3906578.209,20.04,19.0732673267327,0.68389488799214,-0.152742713850969,1.60032062519827,0.29199952309323,48.5148514851485,100,18.15,18.2,18.27,18.35,18.45,18.51,18.67,18.84,18.92,18.95,19.22,19.51,19.62,19.68,19.76,19.81,19.85,19.88,19.95,0,0,0,0,0,0,0,0,3
"16158",11489616.5094,3906578.209,32.17,30.9641258741259,0.47605170634012,-0.581688744137637,2.79529230311704,0.250470255477305,55.7109557109557,100,30.008,30.22,30.452,30.576,30.69,30.79,30.86,30.92,30.98,31.03,31.1,31.158,31.21,31.28,31.33,31.39,31.43,31.492,31.57,0,0,0,0,0,0,0,0,0
"16159",11489649.3178,3906578.209,32.31,29.6770508982036,1.78910575028737,-0.3174749836803,1.40763751367925,0.414885119054586,59.2814371257485,100,27.21,27.27,27.33,27.38,27.43,27.644,28.49,29.55,30.08,30.27,30.587,30.83,31.07,31.22,31.31,31.446,31.54,31.67,31.75,0,0,0,0,0,0,0,0,38.5307346326837
"16163",11489780.5514,3906578.209,29.22,27.7962613981763,0.595024932198986,-0.483595946638048,1.95968368379153,0.306829071554121,60.1823708206687,100,26.773,26.86,26.92,27.06,27.255,27.5,27.68,27.8,27.9,27.96,28.03,28.09,28.14,28.21,28.29,28.348,28.42,28.46,28.527,0,0,0,0,0,0,0,0,0
"16164",11489813.3598,3906578.209,29.6,27.6754523809524,0.784282601592052,-0.144068149469316,1.79469889935657,0.330014861354944,51.547619047619,100,26.36,26.589,26.82,26.94,27.03,27.09,27.18,27.266,27.5055,27.76,27.9845,28.08,28.18,28.293,28.38,28.472,28.55,28.64,28.7105,0,0,0,0,0,0,0,0,10.9654350417163
"16165",11489846.1682,3906578.209,29.14,26.4163564875491,1.02654995866336,0.526703673236754,2.36189004211936,0.419944458539674,42.0707732634338,100,25.042,25.29,25.4,25.47,25.56,25.67,25.787,25.908,26.03,26.12,26.24,26.804,26.97,27.1,27.175,27.256,27.36,28.1,28.408,0,0,0,0,0,0,0,0,54.8556430446194
"16166",11489878.9766,3906578.209,50.54,26.0217941952507,4.69893891165881,4.39920694809111,22.538918217435,0.371050359859158,34.9604221635884,100,23.6385,23.71,23.78,23.86,24.0125,24.121,24.2095,24.29,24.39,24.505,24.6735,24.922,25.992,27.08,27.15,27.21,27.27,27.34,27.45,0,0,0,0,63.0118890356671,96.6974900924703,96.6974900924703,96.6974900924703,96.6974900924703
"16167",11489911.785,3906578.209,50.63,28.0488073394495,6.66762058549874,2.6719871674851,9.00219026393042,0.379632993190784,10.0917431192661,100,23.5665,23.623,23.6795,23.766,23.84,25.164,26.757,26.982,27.05,27.08,27.12,27.15,27.19,27.241,27.29,27.38,27.5205,29.4880000000001,50.2505,0,0,0,0,30.8282208588957,90.3374233128834,91.5644171779141,92.3312883435583,92.3312883435583
"16308",11489485.2758,3906545.4006,30.65,20.3881047765794,5.26691176306089,0.734032722559833,1.82409268640789,0.605171164854909,32.9738058551618,100,15.6,15.68,15.73,15.77,15.82,15.894,16.194,17.108,18.064,18.26,18.35,18.458,19.548,23.792,27.25,27.588,27.918,28.2,29.808,0,0,0,0,0.462962962962963,57.2530864197531,68.6728395061728,70.679012345679,80.0925925925926
"16309",11489518.0842,3906545.4006,29.01,26.4697260273973,0.831370977166197,1.7157775023402,4.88049648456984,0.329722279858861,23.2876712328767,100,25.732,25.824,25.902,25.95,25.98,26.012,26.072,26.09,26.174,26.21,26.226,26.244,26.344,26.414,26.44,26.538,27.544,27.876,28.42,0,0,0,0,0,0,0,0,41.6666666666667
"16311",11489583.701,3906545.4006,41.79,32.6576923076923,4.49977242353436,1.25682567241605,2.74861216590789,0.405477712575664,26.6666666666667,100,29.44,29.578,29.771,29.878,29.965,30.06,30.11,30.16,30.223,30.28,30.32,30.364,30.421,30.586,34.465,38.92,40.99,41.156,41.419,0,0,0,0,0,0,1.03092783505155,74.2268041237113,79.8969072164948
"16312",11489616.5094,3906545.4006,31.98,30.0443693693694,0.33897309875292,2.42712595770885,10.7090777334462,0.234311862881968,36.7117117117117,100,29.7,29.773,29.81,29.84,29.87,29.89,29.91,29.93,29.95,29.98,30,30.03,30.06,30.08,30.11,30.14,30.21,30.3,30.837,0,0,0,0,0,0,0,0,0
"16463",11489518.0842,3906512.5922,29.63,26.580582278481,0.898152031261275,1.87154100970482,5.41123370541168,0.287722121368769,22.5316455696203,100,25.807,25.93,26,26.06,26.115,26.14,26.17,26.21,26.23,26.27,26.3,26.36,26.43,26.46,26.525,26.61,27.18,28.32,28.789,0,0,0,0,0,0,0,0,81.2182741116751
"16464",11489550.8926,3906512.5922,44.98,32.3610847457627,7.16411514132065,0.589048168082056,1.4250891186361,0.454687337134875,36.9491525423729,100,26.437,26.52,26.611,26.66,26.725,26.78,26.839,26.97,27.083,27.2,27.307,28.134,37.495,41.744,41.835,41.972,42.08,42.2,42.333,0,0,0,0,0,40.8163265306122,62.5850340136054,64.6258503401361,69.0476190476191
"16465",11489583.701,3906512.5922,42.31,37.3463244353183,5.61781398706744,-0.616100377711898,1.43109753582462,0.366529944490361,63.8603696098563,100,29.29,29.36,29.419,29.51,29.665,30.4,35.502,40.902,41.05,41.19,41.383,41.49,41.55,41.62,41.685,41.76,41.801,41.89,42.007,0,0,0,0,0,0,24.4855967078189,34.3621399176955,36.6255144032922
"20504",11485679.5014,3905626.7654,49.3,35.4886123348018,5.9159567314177,-2.7113187955688,11.7937333838669,0.671592337098734,60.7929515418502,100,25.355,31.551,32.9005,33.494,34.2425,34.78,35.16,35.566,35.97,36.41,36.7885,37.192,37.71,38.109,38.4925,39.132,39.918,40.696,41.5365,0,0,3.85887541345094,4.07938257993385,5.07166482910695,5.1819184123484,27.5633958103638,82.5799338478501,99.6692392502756
"21407",11484990.525,3905429.915,15.16,13.4476086956522,1.41462982210783,-5.76346696402202,53.5987500012214,0.482090159417273,56.1594202898551,99.2753623188406,11.89,12.41,12.6025,12.76,12.8775,13.07,13.24,13.38,13.46,13.565,13.73,13.87,14.0375,14.13,14.23,14.35,14.4575,14.6,14.825,0.727272727272727,0.727272727272727,0.727272727272727,0.727272727272727,0.727272727272727,0.727272727272727,0.727272727272727,7.27272727272727,53.0909090909091
